user,arn,user_creation_time,password_enabled,password_last_used,mfa_active,access_key_1_active,access_key_1_last_rotated,access_key_1_last_used_date
user-devops-001,arn:aws:iam::123456789012:user/user-devops-001,2025-04-29T02:27:06.023424+00:00,true,2026-04-19T02:27:06.023424+00:00,true,false,N/A,N/A
user-devops-002,arn:aws:iam::123456789012:user/user-devops-002,2025-04-29T02:27:06.023424+00:00,true,2026-04-22T02:27:06.023424+00:00,true,true,2026-02-02T02:27:06.023424+00:00,2026-02-03T02:27:06.023424+00:00
user-engineering-003,arn:aws:iam::123456789012:user/user-engineering-003,2025-04-29T02:27:06.023424+00:00,true,2026-04-21T02:27:06.023424+00:00,true,true,2026-04-08T02:27:06.023424+00:00,2026-04-09T02:27:06.023424+00:00
user-security-004,arn:aws:iam::123456789012:user/user-security-004,2025-04-29T02:27:06.023424+00:00,true,2026-04-24T02:27:06.023424+00:00,false,true,2026-04-28T02:27:06.023424+00:00,2026-04-29T02:27:06.023424+00:00
user-hr-005,arn:aws:iam::123456789012:user/user-hr-005,2025-04-29T02:27:06.023424+00:00,true,2026-04-26T02:27:06.023424+00:00,true,true,2026-01-20T02:27:06.023424+00:00,2026-01-21T02:27:06.023424+00:00
user-engineering-006,arn:aws:iam::123456789012:user/user-engineering-006,2025-04-29T02:27:06.023424+00:00,true,2026-04-27T02:27:06.023424+00:00,true,true,2026-04-04T02:27:06.023424+00:00,2026-04-05T02:27:06.023424+00:00
user-engineering-007,arn:aws:iam::123456789012:user/user-engineering-007,2025-04-29T02:27:06.023424+00:00,true,2026-04-23T02:27:06.023424+00:00,true,true,2026-01-25T02:27:06.023424+00:00,2026-01-26T02:27:06.023424+00:00
user-hr-008,arn:aws:iam::123456789012:user/user-hr-008,2025-04-29T02:27:06.023424+00:00,true,2026-04-19T02:27:06.023424+00:00,true,true,2026-04-02T02:27:06.023424+00:00,2026-04-03T02:27:06.023424+00:00
user-hr-009,arn:aws:iam::123456789012:user/user-hr-009,2025-04-29T02:27:06.023424+00:00,true,2026-04-22T02:27:06.023424+00:00,true,false,N/A,N/A
user-devops-010,arn:aws:iam::123456789012:user/user-devops-010,2025-04-29T02:27:06.023424+00:00,true,2026-04-20T02:27:06.023424+00:00,false,true,2026-03-22T02:27:06.023424+00:00,2026-03-23T02:27:06.023424+00:00
user-product-011,arn:aws:iam::123456789012:user/user-product-011,2025-04-29T02:27:06.023424+00:00,true,2026-04-22T02:27:06.023424+00:00,true,true,2025-11-24T02:27:06.023424+00:00,2025-11-25T02:27:06.023424+00:00
user-security-012,arn:aws:iam::123456789012:user/user-security-012,2025-04-29T02:27:06.023424+00:00,true,2026-04-19T02:27:06.023424+00:00,true,false,N/A,N/A
user-finance-013,arn:aws:iam::123456789012:user/user-finance-013,2025-04-29T02:27:06.023424+00:00,true,2026-04-21T02:27:06.023424+00:00,true,true,2026-04-10T02:27:06.023424+00:00,2026-04-11T02:27:06.023424+00:00
user-product-014,arn:aws:iam::123456789012:user/user-product-014,2025-04-29T02:27:06.023424+00:00,true,2026-04-21T02:27:06.023424+00:00,false,true,2026-03-30T02:27:06.023424+00:00,2026-03-31T02:27:06.023424+00:00
user-product-015,arn:aws:iam::123456789012:user/user-product-015,2025-04-29T02:27:06.023424+00:00,true,2026-04-26T02:27:06.023424+00:00,true,true,2026-04-25T02:27:06.023424+00:00,2026-04-26T02:27:06.023424+00:00
user-devops-016,arn:aws:iam::123456789012:user/user-devops-016,2025-04-29T02:27:06.023424+00:00,true,2026-04-22T02:27:06.023424+00:00,true,true,2026-02-09T02:27:06.023424+00:00,2026-02-10T02:27:06.023424+00:00
user-hr-017,arn:aws:iam::123456789012:user/user-hr-017,2025-04-29T02:27:06.023424+00:00,true,2026-04-24T02:27:06.023424+00:00,true,true,2026-03-02T02:27:06.023424+00:00,2026-03-03T02:27:06.023424+00:00
user-engineering-018,arn:aws:iam::123456789012:user/user-engineering-018,2025-04-29T02:27:06.023424+00:00,true,2026-04-20T02:27:06.023424+00:00,true,false,N/A,N/A
user-devops-019,arn:aws:iam::123456789012:user/user-devops-019,2025-04-29T02:27:06.023424+00:00,true,2026-04-23T02:27:06.023424+00:00,true,true,2026-02-06T02:27:06.023424+00:00,2026-02-07T02:27:06.023424+00:00
user-product-020,arn:aws:iam::123456789012:user/user-product-020,2025-04-29T02:27:06.023424+00:00,true,2026-04-28T02:27:06.023424+00:00,false,true,2026-01-21T02:27:06.023424+00:00,2026-01-22T02:27:06.023424+00:00
user-product-021,arn:aws:iam::123456789012:user/user-product-021,2025-04-29T02:27:06.023424+00:00,true,2026-04-24T02:27:06.023424+00:00,true,false,N/A,N/A
user-product-022,arn:aws:iam::123456789012:user/user-product-022,2025-04-29T02:27:06.023424+00:00,true,2026-04-25T02:27:06.023424+00:00,true,true,2026-02-09T02:27:06.023424+00:00,2026-02-10T02:27:06.023424+00:00
user-hr-023,arn:aws:iam::123456789012:user/user-hr-023,2025-04-29T02:27:06.023424+00:00,true,2026-04-24T02:27:06.023424+00:00,true,true,2026-02-23T02:27:06.023424+00:00,2026-02-24T02:27:06.023424+00:00
user-hr-024,arn:aws:iam::123456789012:user/user-hr-024,2025-04-29T02:27:06.023424+00:00,true,2026-04-24T02:27:06.023424+00:00,false,true,2025-12-07T02:27:06.023424+00:00,2025-12-08T02:27:06.023424+00:00
user-devops-025,arn:aws:iam::123456789012:user/user-devops-025,2025-04-29T02:27:06.023424+00:00,true,2026-04-22T02:27:06.023424+00:00,false,true,2026-02-13T02:27:06.023424+00:00,2026-02-14T02:27:06.023424+00:00
user-engineering-026,arn:aws:iam::123456789012:user/user-engineering-026,2025-04-29T02:27:06.023424+00:00,true,2026-04-24T02:27:06.023424+00:00,true,true,2026-02-06T02:27:06.023424+00:00,2026-02-07T02:27:06.023424+00:00
user-engineering-027,arn:aws:iam::123456789012:user/user-engineering-027,2025-04-29T02:27:06.023424+00:00,true,2026-04-26T02:27:06.023424+00:00,true,false,N/A,N/A
user-hr-028,arn:aws:iam::123456789012:user/user-hr-028,2025-04-29T02:27:06.023424+00:00,true,2026-04-25T02:27:06.023424+00:00,false,false,N/A,N/A
user-security-029,arn:aws:iam::123456789012:user/user-security-029,2025-04-29T02:27:06.023424+00:00,true,2026-04-19T02:27:06.023424+00:00,true,true,2025-11-08T02:27:06.023424+00:00,2025-11-09T02:27:06.023424+00:00
user-devops-030,arn:aws:iam::123456789012:user/user-devops-030,2025-04-29T02:27:06.023424+00:00,true,2026-04-25T02:27:06.023424+00:00,true,true,2026-01-18T02:27:06.023424+00:00,2026-01-19T02:27:06.023424+00:00
user-devops-031,arn:aws:iam::123456789012:user/user-devops-031,2025-04-29T02:27:06.023424+00:00,true,2026-04-20T02:27:06.023424+00:00,false,true,2025-12-24T02:27:06.023424+00:00,2025-12-25T02:27:06.023424+00:00
user-finance-032,arn:aws:iam::123456789012:user/user-finance-032,2025-04-29T02:27:06.023424+00:00,true,2026-04-28T02:27:06.023424+00:00,true,true,2026-01-30T02:27:06.023424+00:00,2026-01-31T02:27:06.023424+00:00
user-finance-033,arn:aws:iam::123456789012:user/user-finance-033,2025-04-29T02:27:06.023424+00:00,true,2026-04-23T02:27:06.023424+00:00,true,true,2026-02-27T02:27:06.023424+00:00,2026-02-28T02:27:06.023424+00:00
user-engineering-034,arn:aws:iam::123456789012:user/user-engineering-034,2025-04-29T02:27:06.023424+00:00,true,2026-04-19T02:27:06.023424+00:00,false,false,N/A,N/A
user-devops-035,arn:aws:iam::123456789012:user/user-devops-035,2025-04-29T02:27:06.023424+00:00,true,2026-04-20T02:27:06.023424+00:00,true,true,2026-01-03T02:27:06.023424+00:00,2026-01-04T02:27:06.023424+00:00
user-finance-036,arn:aws:iam::123456789012:user/user-finance-036,2025-04-29T02:27:06.023424+00:00,true,2026-04-21T02:27:06.023424+00:00,true,true,2026-02-04T02:27:06.023424+00:00,2026-02-05T02:27:06.023424+00:00
user-hr-037,arn:aws:iam::123456789012:user/user-hr-037,2025-04-29T02:27:06.023424+00:00,true,2026-04-21T02:27:06.023424+00:00,false,false,N/A,N/A
user-product-038,arn:aws:iam::123456789012:user/user-product-038,2025-04-29T02:27:06.023424+00:00,true,2026-04-26T02:27:06.023424+00:00,false,false,N/A,N/A
user-finance-039,arn:aws:iam::123456789012:user/user-finance-039,2025-04-29T02:27:06.023424+00:00,true,2026-04-25T02:27:06.023424+00:00,false,true,2025-11-01T02:27:06.023424+00:00,2025-11-02T02:27:06.023424+00:00
user-devops-040,arn:aws:iam::123456789012:user/user-devops-040,2025-04-29T02:27:06.023424+00:00,true,2026-04-28T02:27:06.023424+00:00,true,true,2026-02-07T02:27:06.023424+00:00,2026-02-08T02:27:06.023424+00:00
user-product-041,arn:aws:iam::123456789012:user/user-product-041,2025-04-29T02:27:06.023424+00:00,true,2026-04-27T02:27:06.023424+00:00,true,true,2026-02-02T02:27:06.023424+00:00,2026-02-03T02:27:06.023424+00:00
user-devops-042,arn:aws:iam::123456789012:user/user-devops-042,2025-04-29T02:27:06.023424+00:00,true,2026-04-25T02:27:06.023424+00:00,true,true,2026-02-27T02:27:06.023424+00:00,2026-02-28T02:27:06.023424+00:00
user-engineering-043,arn:aws:iam::123456789012:user/user-engineering-043,2025-04-29T02:27:06.023424+00:00,true,2026-04-23T02:27:06.023424+00:00,false,false,N/A,N/A
user-finance-044,arn:aws:iam::123456789012:user/user-finance-044,2025-04-29T02:27:06.023424+00:00,true,2026-04-27T02:27:06.023424+00:00,true,false,N/A,N/A
user-product-045,arn:aws:iam::123456789012:user/user-product-045,2025-04-29T02:27:06.023424+00:00,true,2026-04-25T02:27:06.023424+00:00,true,true,2025-11-19T02:27:06.023424+00:00,2025-11-20T02:27:06.023424+00:00
user-security-046,arn:aws:iam::123456789012:user/user-security-046,2025-04-29T02:27:06.023424+00:00,true,2026-04-23T02:27:06.023424+00:00,true,false,N/A,N/A
user-finance-047,arn:aws:iam::123456789012:user/user-finance-047,2025-04-29T02:27:06.023424+00:00,true,2026-04-20T02:27:06.023424+00:00,false,false,N/A,N/A
user-product-048,arn:aws:iam::123456789012:user/user-product-048,2025-04-29T02:27:06.023424+00:00,true,2026-04-24T02:27:06.023424+00:00,true,false,N/A,N/A
user-security-049,arn:aws:iam::123456789012:user/user-security-049,2025-04-29T02:27:06.023424+00:00,true,2026-04-19T02:27:06.023424+00:00,false,false,N/A,N/A
user-devops-050,arn:aws:iam::123456789012:user/user-devops-050,2025-04-29T02:27:06.023424+00:00,true,2026-04-25T02:27:06.023424+00:00,true,true,2026-03-05T02:27:06.023424+00:00,2026-03-06T02:27:06.023424+00:00
user-hr-051,arn:aws:iam::123456789012:user/user-hr-051,2025-04-29T02:27:06.023424+00:00,true,2026-04-23T02:27:06.023424+00:00,false,true,2026-02-22T02:27:06.023424+00:00,2026-02-23T02:27:06.023424+00:00
user-hr-052,arn:aws:iam::123456789012:user/user-hr-052,2025-04-29T02:27:06.023424+00:00,true,2026-04-19T02:27:06.023424+00:00,false,false,N/A,N/A
user-devops-053,arn:aws:iam::123456789012:user/user-devops-053,2025-04-29T02:27:06.023424+00:00,true,2026-04-24T02:27:06.023424+00:00,false,false,N/A,N/A
user-engineering-054,arn:aws:iam::123456789012:user/user-engineering-054,2025-04-29T02:27:06.023424+00:00,true,2026-04-19T02:27:06.023424+00:00,true,false,N/A,N/A
user-security-055,arn:aws:iam::123456789012:user/user-security-055,2025-04-29T02:27:06.023424+00:00,true,2026-04-23T02:27:06.023424+00:00,true,false,N/A,N/A
user-security-056,arn:aws:iam::123456789012:user/user-security-056,2025-04-29T02:27:06.023424+00:00,true,2026-04-21T02:27:06.023424+00:00,false,true,2026-04-13T02:27:06.023424+00:00,2026-04-14T02:27:06.023424+00:00
user-product-057,arn:aws:iam::123456789012:user/user-product-057,2025-04-29T02:27:06.023424+00:00,true,2026-04-26T02:27:06.023424+00:00,true,true,2025-11-27T02:27:06.023424+00:00,2025-11-28T02:27:06.023424+00:00
user-engineering-058,arn:aws:iam::123456789012:user/user-engineering-058,2025-04-29T02:27:06.023424+00:00,true,2026-04-19T02:27:06.023424+00:00,true,true,2025-12-04T02:27:06.023424+00:00,2025-12-05T02:27:06.023424+00:00
user-devops-059,arn:aws:iam::123456789012:user/user-devops-059,2025-04-29T02:27:06.023424+00:00,true,2026-04-19T02:27:06.023424+00:00,true,true,2025-11-27T02:27:06.023424+00:00,2025-11-28T02:27:06.023424+00:00
user-devops-060,arn:aws:iam::123456789012:user/user-devops-060,2025-04-29T02:27:06.023424+00:00,true,2026-04-23T02:27:06.023424+00:00,true,false,N/A,N/A
user-hr-061,arn:aws:iam::123456789012:user/user-hr-061,2025-04-29T02:27:06.023424+00:00,true,2026-04-28T02:27:06.023424+00:00,true,true,2026-02-08T02:27:06.023424+00:00,2026-02-09T02:27:06.023424+00:00
user-security-062,arn:aws:iam::123456789012:user/user-security-062,2025-04-29T02:27:06.023424+00:00,true,2026-04-28T02:27:06.023424+00:00,true,false,N/A,N/A
user-product-063,arn:aws:iam::123456789012:user/user-product-063,2025-04-29T02:27:06.023424+00:00,true,2026-04-20T02:27:06.023424+00:00,true,true,2026-04-20T02:27:06.023424+00:00,2026-04-21T02:27:06.023424+00:00
user-product-064,arn:aws:iam::123456789012:user/user-product-064,2025-04-29T02:27:06.023424+00:00,true,2026-04-27T02:27:06.023424+00:00,true,true,2025-12-30T02:27:06.023424+00:00,2025-12-31T02:27:06.023424+00:00
user-finance-065,arn:aws:iam::123456789012:user/user-finance-065,2025-04-29T02:27:06.023424+00:00,true,2026-04-22T02:27:06.023424+00:00,true,true,2026-01-27T02:27:06.023424+00:00,2026-01-28T02:27:06.023424+00:00
user-hr-066,arn:aws:iam::123456789012:user/user-hr-066,2025-04-29T02:27:06.023424+00:00,true,2026-04-21T02:27:06.023424+00:00,true,true,2026-03-12T02:27:06.023424+00:00,2026-03-13T02:27:06.023424+00:00
user-finance-067,arn:aws:iam::123456789012:user/user-finance-067,2025-04-29T02:27:06.023424+00:00,true,2026-04-25T02:27:06.023424+00:00,true,true,2025-12-09T02:27:06.023424+00:00,2025-12-10T02:27:06.023424+00:00
user-product-068,arn:aws:iam::123456789012:user/user-product-068,2025-04-29T02:27:06.023424+00:00,true,2026-04-28T02:27:06.023424+00:00,true,true,2026-01-19T02:27:06.023424+00:00,2026-01-20T02:27:06.023424+00:00
user-product-069,arn:aws:iam::123456789012:user/user-product-069,2025-04-29T02:27:06.023424+00:00,true,2026-04-20T02:27:06.023424+00:00,true,true,2025-11-15T02:27:06.023424+00:00,2025-11-16T02:27:06.023424+00:00
user-security-070,arn:aws:iam::123456789012:user/user-security-070,2025-04-29T02:27:06.023424+00:00,true,2026-04-21T02:27:06.023424+00:00,true,true,2026-04-01T02:27:06.023424+00:00,2026-04-02T02:27:06.023424+00:00
user-product-071,arn:aws:iam::123456789012:user/user-product-071,2025-04-29T02:27:06.023424+00:00,true,2026-04-27T02:27:06.023424+00:00,false,false,N/A,N/A
user-security-072,arn:aws:iam::123456789012:user/user-security-072,2025-04-29T02:27:06.023424+00:00,true,2026-04-23T02:27:06.023424+00:00,false,true,2025-12-01T02:27:06.023424+00:00,2025-12-02T02:27:06.023424+00:00
user-finance-073,arn:aws:iam::123456789012:user/user-finance-073,2025-04-29T02:27:06.023424+00:00,true,2026-04-24T02:27:06.023424+00:00,true,true,2026-04-10T02:27:06.023424+00:00,2026-04-11T02:27:06.023424+00:00
user-hr-074,arn:aws:iam::123456789012:user/user-hr-074,2025-04-29T02:27:06.023424+00:00,true,2026-04-19T02:27:06.023424+00:00,false,false,N/A,N/A
user-security-075,arn:aws:iam::123456789012:user/user-security-075,2025-04-29T02:27:06.023424+00:00,true,2026-04-19T02:27:06.023424+00:00,false,true,2026-01-10T02:27:06.023424+00:00,2026-01-11T02:27:06.023424+00:00
user-security-076,arn:aws:iam::123456789012:user/user-security-076,2025-04-29T02:27:06.023424+00:00,true,2026-04-27T02:27:06.023424+00:00,false,true,2026-03-22T02:27:06.023424+00:00,2026-03-23T02:27:06.023424+00:00
user-hr-077,arn:aws:iam::123456789012:user/user-hr-077,2025-04-29T02:27:06.023424+00:00,true,2026-04-19T02:27:06.023424+00:00,false,false,N/A,N/A
user-security-078,arn:aws:iam::123456789012:user/user-security-078,2025-04-29T02:27:06.023424+00:00,true,2026-04-19T02:27:06.023424+00:00,true,true,2026-01-23T02:27:06.023424+00:00,2026-01-24T02:27:06.023424+00:00
user-devops-079,arn:aws:iam::123456789012:user/user-devops-079,2025-04-29T02:27:06.023424+00:00,true,2026-04-24T02:27:06.023424+00:00,true,false,N/A,N/A
user-hr-080,arn:aws:iam::123456789012:user/user-hr-080,2025-04-29T02:27:06.023424+00:00,true,2026-04-26T02:27:06.023424+00:00,true,true,2026-01-14T02:27:06.023424+00:00,2026-01-15T02:27:06.023424+00:00
user-engineering-081,arn:aws:iam::123456789012:user/user-engineering-081,2025-04-29T02:27:06.023424+00:00,true,2026-04-26T02:27:06.023424+00:00,true,true,2026-03-30T02:27:06.023424+00:00,2026-03-31T02:27:06.023424+00:00
user-finance-082,arn:aws:iam::123456789012:user/user-finance-082,2025-04-29T02:27:06.023424+00:00,true,2026-04-21T02:27:06.023424+00:00,true,true,2026-01-01T02:27:06.023424+00:00,2026-01-02T02:27:06.023424+00:00
user-finance-083,arn:aws:iam::123456789012:user/user-finance-083,2025-04-29T02:27:06.023424+00:00,true,2026-04-23T02:27:06.023424+00:00,false,true,2026-03-09T02:27:06.023424+00:00,2026-03-10T02:27:06.023424+00:00
user-engineering-084,arn:aws:iam::123456789012:user/user-engineering-084,2025-04-29T02:27:06.023424+00:00,true,2026-04-28T02:27:06.023424+00:00,true,false,N/A,N/A
user-finance-085,arn:aws:iam::123456789012:user/user-finance-085,2025-04-29T02:27:06.023424+00:00,true,2026-04-25T02:27:06.023424+00:00,true,false,N/A,N/A
user-security-086,arn:aws:iam::123456789012:user/user-security-086,2025-04-29T02:27:06.023424+00:00,true,2026-04-25T02:27:06.023424+00:00,true,true,2026-02-09T02:27:06.023424+00:00,2026-02-10T02:27:06.023424+00:00
user-engineering-087,arn:aws:iam::123456789012:user/user-engineering-087,2025-04-29T02:27:06.023424+00:00,true,2026-04-21T02:27:06.023424+00:00,false,true,2026-01-09T02:27:06.023424+00:00,2026-01-10T02:27:06.023424+00:00
user-security-088,arn:aws:iam::123456789012:user/user-security-088,2025-04-29T02:27:06.023424+00:00,true,2026-04-25T02:27:06.023424+00:00,true,false,N/A,N/A
user-hr-089,arn:aws:iam::123456789012:user/user-hr-089,2025-04-29T02:27:06.023424+00:00,true,2026-04-25T02:27:06.023424+00:00,true,false,N/A,N/A
user-security-090,arn:aws:iam::123456789012:user/user-security-090,2025-04-29T02:27:06.023424+00:00,true,2026-04-25T02:27:06.023424+00:00,true,false,N/A,N/A
user-product-091,arn:aws:iam::123456789012:user/user-product-091,2025-04-29T02:27:06.023424+00:00,true,2026-04-24T02:27:06.023424+00:00,false,false,N/A,N/A
user-finance-092,arn:aws:iam::123456789012:user/user-finance-092,2025-04-29T02:27:06.023424+00:00,true,2026-04-21T02:27:06.023424+00:00,true,true,2026-02-16T02:27:06.023424+00:00,2026-02-17T02:27:06.023424+00:00
user-devops-093,arn:aws:iam::123456789012:user/user-devops-093,2025-04-29T02:27:06.023424+00:00,true,2026-04-27T02:27:06.023424+00:00,true,true,2025-11-16T02:27:06.023424+00:00,2025-11-17T02:27:06.023424+00:00
user-devops-094,arn:aws:iam::123456789012:user/user-devops-094,2025-04-29T02:27:06.023424+00:00,true,2026-04-23T02:27:06.023424+00:00,false,true,2026-01-29T02:27:06.023424+00:00,2026-01-30T02:27:06.023424+00:00
user-finance-095,arn:aws:iam::123456789012:user/user-finance-095,2025-04-29T02:27:06.023424+00:00,true,2026-04-27T02:27:06.023424+00:00,true,false,N/A,N/A
user-devops-096,arn:aws:iam::123456789012:user/user-devops-096,2025-04-29T02:27:06.023424+00:00,true,2026-04-23T02:27:06.023424+00:00,true,true,2025-12-01T02:27:06.023424+00:00,2025-12-02T02:27:06.023424+00:00
user-product-097,arn:aws:iam::123456789012:user/user-product-097,2025-04-29T02:27:06.023424+00:00,true,2026-04-21T02:27:06.023424+00:00,true,true,2026-04-18T02:27:06.023424+00:00,2026-04-19T02:27:06.023424+00:00
user-security-098,arn:aws:iam::123456789012:user/user-security-098,2025-04-29T02:27:06.023424+00:00,true,2026-04-20T02:27:06.023424+00:00,true,true,2025-12-04T02:27:06.023424+00:00,2025-12-05T02:27:06.023424+00:00
user-product-099,arn:aws:iam::123456789012:user/user-product-099,2025-04-29T02:27:06.023424+00:00,true,2026-04-25T02:27:06.023424+00:00,true,true,2026-01-24T02:27:06.023424+00:00,2026-01-25T02:27:06.023424+00:00
user-finance-100,arn:aws:iam::123456789012:user/user-finance-100,2025-04-29T02:27:06.023424+00:00,true,2026-04-23T02:27:06.023424+00:00,true,false,N/A,N/A
user-finance-101,arn:aws:iam::123456789012:user/user-finance-101,2025-04-29T02:27:06.023424+00:00,true,2026-04-22T02:27:06.023424+00:00,true,true,2025-12-24T02:27:06.023424+00:00,2025-12-25T02:27:06.023424+00:00
user-engineering-102,arn:aws:iam::123456789012:user/user-engineering-102,2025-04-29T02:27:06.023424+00:00,true,2026-04-19T02:27:06.023424+00:00,true,false,N/A,N/A
user-devops-103,arn:aws:iam::123456789012:user/user-devops-103,2025-04-29T02:27:06.023424+00:00,true,2026-04-24T02:27:06.023424+00:00,true,true,2025-11-25T02:27:06.023424+00:00,2025-11-26T02:27:06.023424+00:00
user-hr-104,arn:aws:iam::123456789012:user/user-hr-104,2025-04-29T02:27:06.023424+00:00,true,2026-04-28T02:27:06.023424+00:00,true,true,2025-12-13T02:27:06.023424+00:00,2025-12-14T02:27:06.023424+00:00
user-hr-105,arn:aws:iam::123456789012:user/user-hr-105,2025-04-29T02:27:06.023424+00:00,true,2026-04-24T02:27:06.023424+00:00,false,false,N/A,N/A
user-devops-106,arn:aws:iam::123456789012:user/user-devops-106,2025-04-29T02:27:06.023424+00:00,true,2026-04-22T02:27:06.023424+00:00,true,true,2026-04-20T02:27:06.023424+00:00,2026-04-21T02:27:06.023424+00:00
user-finance-107,arn:aws:iam::123456789012:user/user-finance-107,2025-04-29T02:27:06.023424+00:00,true,2026-04-19T02:27:06.023424+00:00,true,true,2025-12-12T02:27:06.023424+00:00,2025-12-13T02:27:06.023424+00:00
user-product-108,arn:aws:iam::123456789012:user/user-product-108,2025-04-29T02:27:06.023424+00:00,true,2026-04-21T02:27:06.023424+00:00,true,true,2026-04-15T02:27:06.023424+00:00,2026-04-16T02:27:06.023424+00:00
user-hr-109,arn:aws:iam::123456789012:user/user-hr-109,2025-04-29T02:27:06.023424+00:00,true,2026-04-23T02:27:06.023424+00:00,true,true,2026-02-15T02:27:06.023424+00:00,2026-02-16T02:27:06.023424+00:00
user-devops-110,arn:aws:iam::123456789012:user/user-devops-110,2025-04-29T02:27:06.023424+00:00,true,2026-04-23T02:27:06.023424+00:00,true,true,2025-11-13T02:27:06.023424+00:00,2025-11-14T02:27:06.023424+00:00
user-engineering-111,arn:aws:iam::123456789012:user/user-engineering-111,2025-04-29T02:27:06.023424+00:00,true,2026-04-20T02:27:06.023424+00:00,true,false,N/A,N/A
user-engineering-112,arn:aws:iam::123456789012:user/user-engineering-112,2025-04-29T02:27:06.023424+00:00,true,2026-04-19T02:27:06.023424+00:00,true,false,N/A,N/A
user-security-113,arn:aws:iam::123456789012:user/user-security-113,2025-04-29T02:27:06.023424+00:00,true,2026-04-27T02:27:06.023424+00:00,true,true,2026-03-01T02:27:06.023424+00:00,2026-03-02T02:27:06.023424+00:00
user-product-114,arn:aws:iam::123456789012:user/user-product-114,2025-04-29T02:27:06.023424+00:00,true,2026-04-21T02:27:06.023424+00:00,true,true,2025-12-15T02:27:06.023424+00:00,2025-12-16T02:27:06.023424+00:00
user-finance-115,arn:aws:iam::123456789012:user/user-finance-115,2025-04-29T02:27:06.023424+00:00,true,2026-04-21T02:27:06.023424+00:00,true,true,2025-12-06T02:27:06.023424+00:00,2025-12-07T02:27:06.023424+00:00
user-product-116,arn:aws:iam::123456789012:user/user-product-116,2025-04-29T02:27:06.023424+00:00,true,2026-04-26T02:27:06.023424+00:00,true,true,2025-12-03T02:27:06.023424+00:00,2025-12-04T02:27:06.023424+00:00
user-hr-117,arn:aws:iam::123456789012:user/user-hr-117,2025-04-29T02:27:06.023424+00:00,true,2026-04-20T02:27:06.023424+00:00,true,true,2026-04-04T02:27:06.023424+00:00,2026-04-05T02:27:06.023424+00:00
user-engineering-118,arn:aws:iam::123456789012:user/user-engineering-118,2025-04-29T02:27:06.023424+00:00,true,2026-04-20T02:27:06.023424+00:00,true,true,2026-02-13T02:27:06.023424+00:00,2026-02-14T02:27:06.023424+00:00
user-security-119,arn:aws:iam::123456789012:user/user-security-119,2025-04-29T02:27:06.023424+00:00,true,2026-04-22T02:27:06.023424+00:00,true,true,2026-01-20T02:27:06.023424+00:00,2026-01-21T02:27:06.023424+00:00
user-finance-120,arn:aws:iam::123456789012:user/user-finance-120,2025-04-29T02:27:06.023424+00:00,true,2026-04-23T02:27:06.023424+00:00,true,false,N/A,N/A
user-finance-121,arn:aws:iam::123456789012:user/user-finance-121,2025-04-29T02:27:06.023424+00:00,true,2026-04-21T02:27:06.023424+00:00,true,true,2026-02-16T02:27:06.023424+00:00,2026-02-17T02:27:06.023424+00:00
user-hr-122,arn:aws:iam::123456789012:user/user-hr-122,2025-04-29T02:27:06.023424+00:00,true,2026-04-25T02:27:06.023424+00:00,true,true,2025-11-09T02:27:06.023424+00:00,2025-11-10T02:27:06.023424+00:00
user-hr-123,arn:aws:iam::123456789012:user/user-hr-123,2025-04-29T02:27:06.023424+00:00,true,2026-04-28T02:27:06.023424+00:00,false,false,N/A,N/A
user-finance-124,arn:aws:iam::123456789012:user/user-finance-124,2025-04-29T02:27:06.023424+00:00,true,2026-04-25T02:27:06.023424+00:00,true,true,2026-04-08T02:27:06.023424+00:00,2026-04-09T02:27:06.023424+00:00
user-security-125,arn:aws:iam::123456789012:user/user-security-125,2025-04-29T02:27:06.023424+00:00,true,2026-04-26T02:27:06.023424+00:00,false,true,2025-11-03T02:27:06.023424+00:00,2025-11-04T02:27:06.023424+00:00
user-devops-126,arn:aws:iam::123456789012:user/user-devops-126,2025-04-29T02:27:06.023424+00:00,true,2026-04-23T02:27:06.023424+00:00,false,true,2026-03-20T02:27:06.023424+00:00,2026-03-21T02:27:06.023424+00:00
user-hr-127,arn:aws:iam::123456789012:user/user-hr-127,2025-04-29T02:27:06.023424+00:00,true,2026-04-23T02:27:06.023424+00:00,false,true,2026-03-16T02:27:06.023424+00:00,2026-03-17T02:27:06.023424+00:00
user-devops-128,arn:aws:iam::123456789012:user/user-devops-128,2025-04-29T02:27:06.023424+00:00,true,2026-04-27T02:27:06.023424+00:00,true,true,2026-01-05T02:27:06.023424+00:00,2026-01-06T02:27:06.023424+00:00
user-finance-129,arn:aws:iam::123456789012:user/user-finance-129,2025-04-29T02:27:06.023424+00:00,true,2026-04-24T02:27:06.023424+00:00,true,true,2026-03-20T02:27:06.023424+00:00,2026-03-21T02:27:06.023424+00:00
user-hr-130,arn:aws:iam::123456789012:user/user-hr-130,2025-04-29T02:27:06.023424+00:00,true,2026-04-26T02:27:06.023424+00:00,false,false,N/A,N/A
user-security-131,arn:aws:iam::123456789012:user/user-security-131,2025-04-29T02:27:06.023424+00:00,true,2026-04-27T02:27:06.023424+00:00,false,false,N/A,N/A
user-devops-132,arn:aws:iam::123456789012:user/user-devops-132,2025-04-29T02:27:06.023424+00:00,true,2026-04-21T02:27:06.023424+00:00,true,true,2026-01-28T02:27:06.023424+00:00,2026-01-29T02:27:06.023424+00:00
user-security-133,arn:aws:iam::123456789012:user/user-security-133,2025-04-29T02:27:06.023424+00:00,true,2026-04-28T02:27:06.023424+00:00,true,true,2025-11-15T02:27:06.023424+00:00,2025-11-16T02:27:06.023424+00:00
user-engineering-134,arn:aws:iam::123456789012:user/user-engineering-134,2025-04-29T02:27:06.023424+00:00,true,2026-04-21T02:27:06.023424+00:00,true,true,2026-04-15T02:27:06.023424+00:00,2026-04-16T02:27:06.023424+00:00
user-product-135,arn:aws:iam::123456789012:user/user-product-135,2025-04-29T02:27:06.023424+00:00,true,2026-04-23T02:27:06.023424+00:00,false,true,2026-03-11T02:27:06.023424+00:00,2026-03-12T02:27:06.023424+00:00
user-finance-136,arn:aws:iam::123456789012:user/user-finance-136,2025-04-29T02:27:06.023424+00:00,true,2026-04-20T02:27:06.023424+00:00,true,true,2026-02-23T02:27:06.023424+00:00,2026-02-24T02:27:06.023424+00:00
user-product-137,arn:aws:iam::123456789012:user/user-product-137,2025-04-29T02:27:06.023424+00:00,true,2026-04-23T02:27:06.023424+00:00,true,true,2026-02-10T02:27:06.023424+00:00,2026-02-11T02:27:06.023424+00:00
user-engineering-138,arn:aws:iam::123456789012:user/user-engineering-138,2025-04-29T02:27:06.023424+00:00,true,2026-04-20T02:27:06.023424+00:00,true,true,2026-04-21T02:27:06.023424+00:00,2026-04-22T02:27:06.023424+00:00
user-hr-139,arn:aws:iam::123456789012:user/user-hr-139,2025-04-29T02:27:06.023424+00:00,true,2026-04-27T02:27:06.023424+00:00,true,true,2025-11-22T02:27:06.023424+00:00,2025-11-23T02:27:06.023424+00:00
user-finance-140,arn:aws:iam::123456789012:user/user-finance-140,2025-04-29T02:27:06.023424+00:00,true,2026-04-22T02:27:06.023424+00:00,true,true,2026-02-05T02:27:06.023424+00:00,2026-02-06T02:27:06.023424+00:00
user-engineering-141,arn:aws:iam::123456789012:user/user-engineering-141,2025-04-29T02:27:06.023424+00:00,true,2026-04-19T02:27:06.023424+00:00,true,true,2025-11-14T02:27:06.023424+00:00,2025-11-15T02:27:06.023424+00:00
user-devops-142,arn:aws:iam::123456789012:user/user-devops-142,2025-04-29T02:27:06.023424+00:00,true,2026-04-24T02:27:06.023424+00:00,true,false,N/A,N/A
user-hr-143,arn:aws:iam::123456789012:user/user-hr-143,2025-04-29T02:27:06.023424+00:00,true,2026-04-23T02:27:06.023424+00:00,true,true,2026-02-04T02:27:06.023424+00:00,2026-02-05T02:27:06.023424+00:00
user-engineering-144,arn:aws:iam::123456789012:user/user-engineering-144,2025-04-29T02:27:06.023424+00:00,true,2026-04-20T02:27:06.023424+00:00,false,true,2026-01-05T02:27:06.023424+00:00,2026-01-06T02:27:06.023424+00:00
user-devops-145,arn:aws:iam::123456789012:user/user-devops-145,2025-04-29T02:27:06.023424+00:00,true,2026-04-24T02:27:06.023424+00:00,true,true,2026-02-07T02:27:06.023424+00:00,2026-02-08T02:27:06.023424+00:00
user-product-146,arn:aws:iam::123456789012:user/user-product-146,2025-04-29T02:27:06.023424+00:00,true,2026-04-26T02:27:06.023424+00:00,true,true,2025-12-25T02:27:06.023424+00:00,2025-12-26T02:27:06.023424+00:00
user-finance-147,arn:aws:iam::123456789012:user/user-finance-147,2025-04-29T02:27:06.023424+00:00,true,2026-04-25T02:27:06.023424+00:00,true,false,N/A,N/A
user-product-148,arn:aws:iam::123456789012:user/user-product-148,2025-04-29T02:27:06.023424+00:00,true,2026-04-21T02:27:06.023424+00:00,false,true,2026-02-24T02:27:06.023424+00:00,2026-02-25T02:27:06.023424+00:00
user-product-149,arn:aws:iam::123456789012:user/user-product-149,2025-04-29T02:27:06.023424+00:00,true,2026-04-26T02:27:06.023424+00:00,false,true,2026-03-11T02:27:06.023424+00:00,2026-03-12T02:27:06.023424+00:00
user-devops-150,arn:aws:iam::123456789012:user/user-devops-150,2025-04-29T02:27:06.023424+00:00,true,2026-04-20T02:27:06.023424+00:00,true,true,2026-04-13T02:27:06.023424+00:00,2026-04-14T02:27:06.023424+00:00
user-product-151,arn:aws:iam::123456789012:user/user-product-151,2025-04-29T02:27:06.023424+00:00,true,2026-04-23T02:27:06.023424+00:00,false,true,2026-04-14T02:27:06.023424+00:00,2026-04-15T02:27:06.023424+00:00
user-hr-152,arn:aws:iam::123456789012:user/user-hr-152,2025-04-29T02:27:06.023424+00:00,true,2026-04-22T02:27:06.023424+00:00,false,true,2025-11-21T02:27:06.023424+00:00,2025-11-22T02:27:06.023424+00:00
user-engineering-153,arn:aws:iam::123456789012:user/user-engineering-153,2025-04-29T02:27:06.023424+00:00,true,2026-04-25T02:27:06.023424+00:00,true,true,2025-11-22T02:27:06.023424+00:00,2025-11-23T02:27:06.023424+00:00
user-product-154,arn:aws:iam::123456789012:user/user-product-154,2025-04-29T02:27:06.023424+00:00,true,2026-04-23T02:27:06.023424+00:00,true,true,2026-01-27T02:27:06.023424+00:00,2026-01-28T02:27:06.023424+00:00
user-security-155,arn:aws:iam::123456789012:user/user-security-155,2025-04-29T02:27:06.023424+00:00,true,2026-04-26T02:27:06.023424+00:00,true,true,2026-01-05T02:27:06.023424+00:00,2026-01-06T02:27:06.023424+00:00
user-devops-156,arn:aws:iam::123456789012:user/user-devops-156,2025-04-29T02:27:06.023424+00:00,true,2026-04-27T02:27:06.023424+00:00,true,true,2026-03-02T02:27:06.023424+00:00,2026-03-03T02:27:06.023424+00:00
user-security-157,arn:aws:iam::123456789012:user/user-security-157,2025-04-29T02:27:06.023424+00:00,true,2026-04-28T02:27:06.023424+00:00,true,true,2026-03-26T02:27:06.023424+00:00,2026-03-27T02:27:06.023424+00:00
user-security-158,arn:aws:iam::123456789012:user/user-security-158,2025-04-29T02:27:06.023424+00:00,true,2026-04-25T02:27:06.023424+00:00,false,false,N/A,N/A
user-hr-159,arn:aws:iam::123456789012:user/user-hr-159,2025-04-29T02:27:06.023424+00:00,true,2026-04-19T02:27:06.023424+00:00,true,true,2026-04-11T02:27:06.023424+00:00,2026-04-12T02:27:06.023424+00:00
user-engineering-160,arn:aws:iam::123456789012:user/user-engineering-160,2025-04-29T02:27:06.023424+00:00,true,2026-04-22T02:27:06.023424+00:00,true,false,N/A,N/A
user-security-161,arn:aws:iam::123456789012:user/user-security-161,2025-04-29T02:27:06.023424+00:00,true,2026-04-27T02:27:06.023424+00:00,true,true,2026-01-12T02:27:06.023424+00:00,2026-01-13T02:27:06.023424+00:00
user-security-162,arn:aws:iam::123456789012:user/user-security-162,2025-04-29T02:27:06.023424+00:00,true,2026-04-19T02:27:06.023424+00:00,false,true,2026-01-23T02:27:06.023424+00:00,2026-01-24T02:27:06.023424+00:00
user-product-163,arn:aws:iam::123456789012:user/user-product-163,2025-04-29T02:27:06.023424+00:00,true,2026-04-20T02:27:06.023424+00:00,true,false,N/A,N/A
user-hr-164,arn:aws:iam::123456789012:user/user-hr-164,2025-04-29T02:27:06.023424+00:00,true,2026-04-27T02:27:06.023424+00:00,false,true,2026-03-13T02:27:06.023424+00:00,2026-03-14T02:27:06.023424+00:00
user-finance-165,arn:aws:iam::123456789012:user/user-finance-165,2025-04-29T02:27:06.023424+00:00,true,2026-04-27T02:27:06.023424+00:00,true,false,N/A,N/A
user-finance-166,arn:aws:iam::123456789012:user/user-finance-166,2025-04-29T02:27:06.023424+00:00,true,2026-04-23T02:27:06.023424+00:00,true,false,N/A,N/A
user-product-167,arn:aws:iam::123456789012:user/user-product-167,2025-04-29T02:27:06.023424+00:00,true,2026-04-26T02:27:06.023424+00:00,false,false,N/A,N/A
user-product-168,arn:aws:iam::123456789012:user/user-product-168,2025-04-29T02:27:06.023424+00:00,true,2026-04-20T02:27:06.023424+00:00,true,true,2026-01-23T02:27:06.023424+00:00,2026-01-24T02:27:06.023424+00:00
user-hr-169,arn:aws:iam::123456789012:user/user-hr-169,2025-04-29T02:27:06.023424+00:00,true,2026-04-25T02:27:06.023424+00:00,true,true,2025-11-14T02:27:06.023424+00:00,2025-11-15T02:27:06.023424+00:00
user-engineering-170,arn:aws:iam::123456789012:user/user-engineering-170,2025-04-29T02:27:06.023424+00:00,true,2026-04-19T02:27:06.023424+00:00,true,true,2025-12-14T02:27:06.023424+00:00,2025-12-15T02:27:06.023424+00:00
user-security-171,arn:aws:iam::123456789012:user/user-security-171,2025-04-29T02:27:06.023424+00:00,true,2026-04-20T02:27:06.023424+00:00,false,true,2026-02-13T02:27:06.023424+00:00,2026-02-14T02:27:06.023424+00:00
user-finance-172,arn:aws:iam::123456789012:user/user-finance-172,2025-04-29T02:27:06.023424+00:00,true,2026-04-28T02:27:06.023424+00:00,false,false,N/A,N/A
user-product-173,arn:aws:iam::123456789012:user/user-product-173,2025-04-29T02:27:06.023424+00:00,true,2026-04-26T02:27:06.023424+00:00,true,false,N/A,N/A
user-engineering-174,arn:aws:iam::123456789012:user/user-engineering-174,2025-04-29T02:27:06.023424+00:00,true,2026-04-20T02:27:06.023424+00:00,false,false,N/A,N/A
user-product-175,arn:aws:iam::123456789012:user/user-product-175,2025-04-29T02:27:06.023424+00:00,true,2026-04-20T02:27:06.023424+00:00,true,true,2025-12-04T02:27:06.023424+00:00,2025-12-05T02:27:06.023424+00:00
user-engineering-176,arn:aws:iam::123456789012:user/user-engineering-176,2025-04-29T02:27:06.023424+00:00,true,2026-04-23T02:27:06.023424+00:00,true,true,2025-12-21T02:27:06.023424+00:00,2025-12-22T02:27:06.023424+00:00
user-product-177,arn:aws:iam::123456789012:user/user-product-177,2025-04-29T02:27:06.023424+00:00,true,2026-04-19T02:27:06.023424+00:00,true,true,2026-03-30T02:27:06.023424+00:00,2026-03-31T02:27:06.023424+00:00
user-engineering-178,arn:aws:iam::123456789012:user/user-engineering-178,2025-04-29T02:27:06.023424+00:00,true,2026-04-22T02:27:06.023424+00:00,true,false,N/A,N/A
user-security-179,arn:aws:iam::123456789012:user/user-security-179,2025-04-29T02:27:06.023424+00:00,true,2026-04-25T02:27:06.023424+00:00,true,false,N/A,N/A
user-finance-180,arn:aws:iam::123456789012:user/user-finance-180,2025-04-29T02:27:06.023424+00:00,true,2026-04-21T02:27:06.023424+00:00,true,true,2025-12-17T02:27:06.023424+00:00,2025-12-18T02:27:06.023424+00:00
user-security-181,arn:aws:iam::123456789012:user/user-security-181,2025-04-29T02:27:06.023424+00:00,true,2026-04-26T02:27:06.023424+00:00,true,false,N/A,N/A
user-devops-182,arn:aws:iam::123456789012:user/user-devops-182,2025-04-29T02:27:06.023424+00:00,true,2026-04-19T02:27:06.023424+00:00,true,true,2025-12-25T02:27:06.023424+00:00,2025-12-26T02:27:06.023424+00:00
user-engineering-183,arn:aws:iam::123456789012:user/user-engineering-183,2025-04-29T02:27:06.023424+00:00,true,2026-04-24T02:27:06.023424+00:00,true,true,2026-02-13T02:27:06.023424+00:00,2026-02-14T02:27:06.023424+00:00
user-product-184,arn:aws:iam::123456789012:user/user-product-184,2025-04-29T02:27:06.023424+00:00,true,2026-04-24T02:27:06.023424+00:00,true,false,N/A,N/A
user-hr-185,arn:aws:iam::123456789012:user/user-hr-185,2025-04-29T02:27:06.023424+00:00,true,2026-04-26T02:27:06.023424+00:00,true,true,2026-04-20T02:27:06.023424+00:00,2026-04-21T02:27:06.023424+00:00
user-security-186,arn:aws:iam::123456789012:user/user-security-186,2025-04-29T02:27:06.023424+00:00,true,2026-04-20T02:27:06.023424+00:00,true,false,N/A,N/A
user-security-187,arn:aws:iam::123456789012:user/user-security-187,2025-04-29T02:27:06.023424+00:00,true,2026-04-20T02:27:06.023424+00:00,false,false,N/A,N/A
user-finance-188,arn:aws:iam::123456789012:user/user-finance-188,2025-04-29T02:27:06.023424+00:00,true,2026-04-20T02:27:06.023424+00:00,true,true,2025-10-31T02:27:06.023424+00:00,2025-11-01T02:27:06.023424+00:00
user-hr-189,arn:aws:iam::123456789012:user/user-hr-189,2025-04-29T02:27:06.023424+00:00,true,2026-04-20T02:27:06.023424+00:00,false,true,2026-02-02T02:27:06.023424+00:00,2026-02-03T02:27:06.023424+00:00
user-security-190,arn:aws:iam::123456789012:user/user-security-190,2025-04-29T02:27:06.023424+00:00,true,2026-04-25T02:27:06.023424+00:00,true,false,N/A,N/A
user-product-191,arn:aws:iam::123456789012:user/user-product-191,2025-04-29T02:27:06.023424+00:00,true,2026-04-28T02:27:06.023424+00:00,true,false,N/A,N/A
user-product-192,arn:aws:iam::123456789012:user/user-product-192,2025-04-29T02:27:06.023424+00:00,true,2026-04-23T02:27:06.023424+00:00,false,true,2026-03-11T02:27:06.023424+00:00,2026-03-12T02:27:06.023424+00:00
user-finance-193,arn:aws:iam::123456789012:user/user-finance-193,2025-04-29T02:27:06.023424+00:00,true,2026-04-27T02:27:06.023424+00:00,true,true,2026-01-06T02:27:06.023424+00:00,2026-01-07T02:27:06.023424+00:00
user-finance-194,arn:aws:iam::123456789012:user/user-finance-194,2025-04-29T02:27:06.023424+00:00,true,2026-04-22T02:27:06.023424+00:00,false,false,N/A,N/A
user-security-195,arn:aws:iam::123456789012:user/user-security-195,2025-04-29T02:27:06.023424+00:00,true,2026-04-24T02:27:06.023424+00:00,false,true,2025-12-24T02:27:06.023424+00:00,2025-12-25T02:27:06.023424+00:00
user-engineering-196,arn:aws:iam::123456789012:user/user-engineering-196,2025-04-29T02:27:06.023424+00:00,true,2026-04-19T02:27:06.023424+00:00,true,true,2025-11-06T02:27:06.023424+00:00,2025-11-07T02:27:06.023424+00:00
user-devops-197,arn:aws:iam::123456789012:user/user-devops-197,2025-04-29T02:27:06.023424+00:00,true,2026-04-26T02:27:06.023424+00:00,false,true,2026-01-30T02:27:06.023424+00:00,2026-01-31T02:27:06.023424+00:00
user-product-198,arn:aws:iam::123456789012:user/user-product-198,2025-04-29T02:27:06.023424+00:00,true,2026-04-21T02:27:06.023424+00:00,true,true,2026-01-12T02:27:06.023424+00:00,2026-01-13T02:27:06.023424+00:00
user-devops-199,arn:aws:iam::123456789012:user/user-devops-199,2025-04-29T02:27:06.023424+00:00,true,2026-04-22T02:27:06.023424+00:00,true,true,2026-03-07T02:27:06.023424+00:00,2026-03-08T02:27:06.023424+00:00
user-devops-200,arn:aws:iam::123456789012:user/user-devops-200,2025-04-29T02:27:06.023424+00:00,true,2026-04-25T02:27:06.023424+00:00,true,false,N/A,N/A
user-product-201,arn:aws:iam::123456789012:user/user-product-201,2025-04-29T02:27:06.023424+00:00,true,2026-04-28T02:27:06.023424+00:00,true,true,2026-02-26T02:27:06.023424+00:00,2026-02-27T02:27:06.023424+00:00
user-engineering-202,arn:aws:iam::123456789012:user/user-engineering-202,2025-04-29T02:27:06.023424+00:00,true,2026-04-26T02:27:06.023424+00:00,true,false,N/A,N/A
user-security-203,arn:aws:iam::123456789012:user/user-security-203,2025-04-29T02:27:06.023424+00:00,true,2026-04-19T02:27:06.023424+00:00,false,false,N/A,N/A
user-engineering-204,arn:aws:iam::123456789012:user/user-engineering-204,2025-04-29T02:27:06.023424+00:00,true,2026-04-23T02:27:06.023424+00:00,true,false,N/A,N/A
user-hr-205,arn:aws:iam::123456789012:user/user-hr-205,2025-04-29T02:27:06.023424+00:00,true,2026-04-19T02:27:06.023424+00:00,true,true,2026-03-21T02:27:06.023424+00:00,2026-03-22T02:27:06.023424+00:00
user-finance-206,arn:aws:iam::123456789012:user/user-finance-206,2025-04-29T02:27:06.023424+00:00,true,2026-04-24T02:27:06.023424+00:00,false,true,2026-02-08T02:27:06.023424+00:00,2026-02-09T02:27:06.023424+00:00
user-product-207,arn:aws:iam::123456789012:user/user-product-207,2025-04-29T02:27:06.023424+00:00,true,2026-04-24T02:27:06.023424+00:00,true,true,2026-03-30T02:27:06.023424+00:00,2026-03-31T02:27:06.023424+00:00
user-product-208,arn:aws:iam::123456789012:user/user-product-208,2025-04-29T02:27:06.023424+00:00,true,2026-04-27T02:27:06.023424+00:00,true,false,N/A,N/A
user-hr-209,arn:aws:iam::123456789012:user/user-hr-209,2025-04-29T02:27:06.023424+00:00,true,2026-04-26T02:27:06.023424+00:00,false,true,2026-01-12T02:27:06.023424+00:00,2026-01-13T02:27:06.023424+00:00
user-devops-210,arn:aws:iam::123456789012:user/user-devops-210,2025-04-29T02:27:06.023424+00:00,true,2026-04-23T02:27:06.023424+00:00,true,true,2026-04-15T02:27:06.023424+00:00,2026-04-16T02:27:06.023424+00:00
user-security-211,arn:aws:iam::123456789012:user/user-security-211,2025-04-29T02:27:06.023424+00:00,true,2026-04-23T02:27:06.023424+00:00,true,false,N/A,N/A
user-engineering-212,arn:aws:iam::123456789012:user/user-engineering-212,2025-04-29T02:27:06.023424+00:00,true,2026-04-23T02:27:06.023424+00:00,false,true,2026-01-06T02:27:06.023424+00:00,2026-01-07T02:27:06.023424+00:00
user-finance-213,arn:aws:iam::123456789012:user/user-finance-213,2025-04-29T02:27:06.023424+00:00,true,2026-04-19T02:27:06.023424+00:00,true,false,N/A,N/A
user-hr-214,arn:aws:iam::123456789012:user/user-hr-214,2025-04-29T02:27:06.023424+00:00,true,2026-04-20T02:27:06.023424+00:00,true,true,2026-03-01T02:27:06.023424+00:00,2026-03-02T02:27:06.023424+00:00
user-devops-215,arn:aws:iam::123456789012:user/user-devops-215,2025-04-29T02:27:06.023424+00:00,true,2026-04-19T02:27:06.023424+00:00,false,true,2026-04-19T02:27:06.023424+00:00,2026-04-20T02:27:06.023424+00:00
user-devops-216,arn:aws:iam::123456789012:user/user-devops-216,2025-04-29T02:27:06.023424+00:00,true,2026-04-25T02:27:06.023424+00:00,true,false,N/A,N/A
user-hr-217,arn:aws:iam::123456789012:user/user-hr-217,2025-04-29T02:27:06.023424+00:00,true,2026-04-21T02:27:06.023424+00:00,true,false,N/A,N/A
user-security-218,arn:aws:iam::123456789012:user/user-security-218,2025-04-29T02:27:06.023424+00:00,true,2026-04-24T02:27:06.023424+00:00,true,false,N/A,N/A
user-hr-219,arn:aws:iam::123456789012:user/user-hr-219,2025-04-29T02:27:06.023424+00:00,true,2026-04-25T02:27:06.023424+00:00,true,true,2025-11-03T02:27:06.023424+00:00,2025-11-04T02:27:06.023424+00:00
user-security-220,arn:aws:iam::123456789012:user/user-security-220,2025-04-29T02:27:06.023424+00:00,true,2026-04-19T02:27:06.023424+00:00,true,false,N/A,N/A
user-security-221,arn:aws:iam::123456789012:user/user-security-221,2025-04-29T02:27:06.023424+00:00,true,2026-04-23T02:27:06.023424+00:00,true,true,2026-01-09T02:27:06.023424+00:00,2026-01-10T02:27:06.023424+00:00
user-finance-222,arn:aws:iam::123456789012:user/user-finance-222,2025-04-29T02:27:06.023424+00:00,true,2026-04-24T02:27:06.023424+00:00,true,false,N/A,N/A
user-engineering-223,arn:aws:iam::123456789012:user/user-engineering-223,2025-04-29T02:27:06.023424+00:00,true,2026-04-22T02:27:06.023424+00:00,true,true,2026-01-09T02:27:06.023424+00:00,2026-01-10T02:27:06.023424+00:00
user-hr-224,arn:aws:iam::123456789012:user/user-hr-224,2025-04-29T02:27:06.023424+00:00,true,2026-04-26T02:27:06.023424+00:00,true,true,2026-01-22T02:27:06.023424+00:00,2026-01-23T02:27:06.023424+00:00
user-engineering-225,arn:aws:iam::123456789012:user/user-engineering-225,2025-04-29T02:27:06.023424+00:00,true,2026-04-19T02:27:06.023424+00:00,true,true,2026-04-18T02:27:06.023424+00:00,2026-04-19T02:27:06.023424+00:00
user-finance-226,arn:aws:iam::123456789012:user/user-finance-226,2025-04-29T02:27:06.023424+00:00,true,2026-04-24T02:27:06.023424+00:00,false,false,N/A,N/A
user-engineering-227,arn:aws:iam::123456789012:user/user-engineering-227,2025-04-29T02:27:06.023424+00:00,true,2026-04-23T02:27:06.023424+00:00,true,true,2026-04-10T02:27:06.023424+00:00,2026-04-11T02:27:06.023424+00:00
user-finance-228,arn:aws:iam::123456789012:user/user-finance-228,2025-04-29T02:27:06.023424+00:00,true,2026-04-22T02:27:06.023424+00:00,false,false,N/A,N/A
user-product-229,arn:aws:iam::123456789012:user/user-product-229,2025-04-29T02:27:06.023424+00:00,true,2026-04-27T02:27:06.023424+00:00,false,false,N/A,N/A
user-security-230,arn:aws:iam::123456789012:user/user-security-230,2025-04-29T02:27:06.023424+00:00,true,2026-04-23T02:27:06.023424+00:00,true,false,N/A,N/A
user-hr-231,arn:aws:iam::123456789012:user/user-hr-231,2025-04-29T02:27:06.023424+00:00,true,2026-04-28T02:27:06.023424+00:00,true,true,2026-01-12T02:27:06.023424+00:00,2026-01-13T02:27:06.023424+00:00
user-security-232,arn:aws:iam::123456789012:user/user-security-232,2025-04-29T02:27:06.023424+00:00,true,2026-04-26T02:27:06.023424+00:00,false,true,2025-11-04T02:27:06.023424+00:00,2025-11-05T02:27:06.023424+00:00
user-security-233,arn:aws:iam::123456789012:user/user-security-233,2025-04-29T02:27:06.023424+00:00,true,2026-04-20T02:27:06.023424+00:00,true,false,N/A,N/A
user-finance-234,arn:aws:iam::123456789012:user/user-finance-234,2025-04-29T02:27:06.023424+00:00,true,2026-04-22T02:27:06.023424+00:00,false,true,2025-12-21T02:27:06.023424+00:00,2025-12-22T02:27:06.023424+00:00
user-security-235,arn:aws:iam::123456789012:user/user-security-235,2025-04-29T02:27:06.023424+00:00,true,2026-04-23T02:27:06.023424+00:00,true,true,2026-04-07T02:27:06.023424+00:00,2026-04-08T02:27:06.023424+00:00
user-hr-236,arn:aws:iam::123456789012:user/user-hr-236,2025-04-29T02:27:06.023424+00:00,true,2026-04-25T02:27:06.023424+00:00,true,true,2026-02-13T02:27:06.023424+00:00,2026-02-14T02:27:06.023424+00:00
user-security-237,arn:aws:iam::123456789012:user/user-security-237,2025-04-29T02:27:06.023424+00:00,true,2026-04-27T02:27:06.023424+00:00,true,true,2025-10-31T02:27:06.023424+00:00,2025-11-01T02:27:06.023424+00:00
user-security-238,arn:aws:iam::123456789012:user/user-security-238,2025-04-29T02:27:06.023424+00:00,true,2026-04-19T02:27:06.023424+00:00,true,true,2026-01-19T02:27:06.023424+00:00,2026-01-20T02:27:06.023424+00:00
user-security-239,arn:aws:iam::123456789012:user/user-security-239,2025-04-29T02:27:06.023424+00:00,true,2026-04-28T02:27:06.023424+00:00,true,false,N/A,N/A
user-engineering-240,arn:aws:iam::123456789012:user/user-engineering-240,2025-04-29T02:27:06.023424+00:00,true,2026-04-21T02:27:06.023424+00:00,true,true,2026-02-28T02:27:06.023424+00:00,2026-03-01T02:27:06.023424+00:00
user-security-241,arn:aws:iam::123456789012:user/user-security-241,2025-04-29T02:27:06.023424+00:00,true,2026-04-27T02:27:06.023424+00:00,true,true,2026-02-07T02:27:06.023424+00:00,2026-02-08T02:27:06.023424+00:00
user-finance-242,arn:aws:iam::123456789012:user/user-finance-242,2025-04-29T02:27:06.023424+00:00,true,2026-04-28T02:27:06.023424+00:00,true,true,2026-02-05T02:27:06.023424+00:00,2026-02-06T02:27:06.023424+00:00
user-security-243,arn:aws:iam::123456789012:user/user-security-243,2025-04-29T02:27:06.023424+00:00,true,2026-04-24T02:27:06.023424+00:00,true,false,N/A,N/A
user-devops-244,arn:aws:iam::123456789012:user/user-devops-244,2025-04-29T02:27:06.023424+00:00,true,2026-04-25T02:27:06.023424+00:00,true,true,2025-12-13T02:27:06.023424+00:00,2025-12-14T02:27:06.023424+00:00
user-security-245,arn:aws:iam::123456789012:user/user-security-245,2025-04-29T02:27:06.023424+00:00,true,2026-04-27T02:27:06.023424+00:00,true,false,N/A,N/A
user-engineering-246,arn:aws:iam::123456789012:user/user-engineering-246,2025-04-29T02:27:06.023424+00:00,true,2026-04-27T02:27:06.023424+00:00,false,true,2025-12-06T02:27:06.023424+00:00,2025-12-07T02:27:06.023424+00:00
user-devops-247,arn:aws:iam::123456789012:user/user-devops-247,2025-04-29T02:27:06.023424+00:00,true,2026-04-21T02:27:06.023424+00:00,false,true,2026-03-08T02:27:06.023424+00:00,2026-03-09T02:27:06.023424+00:00
user-devops-248,arn:aws:iam::123456789012:user/user-devops-248,2025-04-29T02:27:06.023424+00:00,true,2026-04-20T02:27:06.023424+00:00,true,true,2026-01-24T02:27:06.023424+00:00,2026-01-25T02:27:06.023424+00:00
user-devops-249,arn:aws:iam::123456789012:user/user-devops-249,2025-04-29T02:27:06.023424+00:00,true,2026-04-19T02:27:06.023424+00:00,true,true,2026-03-19T02:27:06.023424+00:00,2026-03-20T02:27:06.023424+00:00
user-devops-250,arn:aws:iam::123456789012:user/user-devops-250,2025-04-29T02:27:06.023424+00:00,true,2026-04-19T02:27:06.023424+00:00,true,false,N/A,N/A
user-product-251,arn:aws:iam::123456789012:user/user-product-251,2025-04-29T02:27:06.023424+00:00,true,2026-04-24T02:27:06.023424+00:00,false,false,N/A,N/A
user-product-252,arn:aws:iam::123456789012:user/user-product-252,2025-04-29T02:27:06.023424+00:00,true,2026-04-26T02:27:06.023424+00:00,true,false,N/A,N/A
user-devops-253,arn:aws:iam::123456789012:user/user-devops-253,2025-04-29T02:27:06.023424+00:00,true,2026-04-24T02:27:06.023424+00:00,true,true,2026-04-03T02:27:06.023424+00:00,2026-04-04T02:27:06.023424+00:00
user-product-254,arn:aws:iam::123456789012:user/user-product-254,2025-04-29T02:27:06.023424+00:00,true,2026-04-22T02:27:06.023424+00:00,false,false,N/A,N/A
user-engineering-255,arn:aws:iam::123456789012:user/user-engineering-255,2025-04-29T02:27:06.023424+00:00,true,2026-04-28T02:27:06.023424+00:00,true,true,2026-01-05T02:27:06.023424+00:00,2026-01-06T02:27:06.023424+00:00
user-devops-256,arn:aws:iam::123456789012:user/user-devops-256,2025-04-29T02:27:06.023424+00:00,true,2026-04-28T02:27:06.023424+00:00,true,false,N/A,N/A
user-hr-257,arn:aws:iam::123456789012:user/user-hr-257,2025-04-29T02:27:06.023424+00:00,true,2026-04-21T02:27:06.023424+00:00,true,true,2026-01-28T02:27:06.023424+00:00,2026-01-29T02:27:06.023424+00:00
user-finance-258,arn:aws:iam::123456789012:user/user-finance-258,2025-04-29T02:27:06.023424+00:00,true,2026-04-27T02:27:06.023424+00:00,true,false,N/A,N/A
user-product-259,arn:aws:iam::123456789012:user/user-product-259,2025-04-29T02:27:06.023424+00:00,true,2026-04-26T02:27:06.023424+00:00,true,true,2026-03-28T02:27:06.023424+00:00,2026-03-29T02:27:06.023424+00:00
user-engineering-260,arn:aws:iam::123456789012:user/user-engineering-260,2025-04-29T02:27:06.023424+00:00,true,2026-04-22T02:27:06.023424+00:00,true,true,2025-11-18T02:27:06.023424+00:00,2025-11-19T02:27:06.023424+00:00
user-devops-261,arn:aws:iam::123456789012:user/user-devops-261,2025-04-29T02:27:06.023424+00:00,true,2026-04-19T02:27:06.023424+00:00,true,true,2025-11-20T02:27:06.023424+00:00,2025-11-21T02:27:06.023424+00:00
user-finance-262,arn:aws:iam::123456789012:user/user-finance-262,2025-04-29T02:27:06.023424+00:00,true,2026-04-25T02:27:06.023424+00:00,false,true,2025-11-30T02:27:06.023424+00:00,2025-12-01T02:27:06.023424+00:00
user-engineering-263,arn:aws:iam::123456789012:user/user-engineering-263,2025-04-29T02:27:06.023424+00:00,true,2026-04-25T02:27:06.023424+00:00,true,false,N/A,N/A
user-security-264,arn:aws:iam::123456789012:user/user-security-264,2025-04-29T02:27:06.023424+00:00,true,2026-04-23T02:27:06.023424+00:00,true,true,2025-11-14T02:27:06.023424+00:00,2025-11-15T02:27:06.023424+00:00
user-finance-265,arn:aws:iam::123456789012:user/user-finance-265,2025-04-29T02:27:06.023424+00:00,true,2026-04-21T02:27:06.023424+00:00,false,false,N/A,N/A
user-security-266,arn:aws:iam::123456789012:user/user-security-266,2025-04-29T02:27:06.023424+00:00,true,2026-04-22T02:27:06.023424+00:00,false,true,2026-04-20T02:27:06.023424+00:00,2026-04-21T02:27:06.023424+00:00
user-devops-267,arn:aws:iam::123456789012:user/user-devops-267,2025-04-29T02:27:06.023424+00:00,true,2026-04-20T02:27:06.023424+00:00,false,true,2026-03-31T02:27:06.023424+00:00,2026-04-01T02:27:06.023424+00:00
user-product-268,arn:aws:iam::123456789012:user/user-product-268,2025-04-29T02:27:06.023424+00:00,true,2026-04-25T02:27:06.023424+00:00,false,true,2026-03-05T02:27:06.023424+00:00,2026-03-06T02:27:06.023424+00:00
user-product-269,arn:aws:iam::123456789012:user/user-product-269,2025-04-29T02:27:06.023424+00:00,true,2026-04-25T02:27:06.023424+00:00,true,true,2025-12-03T02:27:06.023424+00:00,2025-12-04T02:27:06.023424+00:00
user-finance-270,arn:aws:iam::123456789012:user/user-finance-270,2025-04-29T02:27:06.023424+00:00,true,2026-04-25T02:27:06.023424+00:00,false,true,2026-04-15T02:27:06.023424+00:00,2026-04-16T02:27:06.023424+00:00
user-product-271,arn:aws:iam::123456789012:user/user-product-271,2025-04-29T02:27:06.023424+00:00,true,2026-04-21T02:27:06.023424+00:00,true,true,2026-01-01T02:27:06.023424+00:00,2026-01-02T02:27:06.023424+00:00
user-security-272,arn:aws:iam::123456789012:user/user-security-272,2025-04-29T02:27:06.023424+00:00,true,2026-04-20T02:27:06.023424+00:00,true,true,2026-03-31T02:27:06.023424+00:00,2026-04-01T02:27:06.023424+00:00
user-security-273,arn:aws:iam::123456789012:user/user-security-273,2025-04-29T02:27:06.023424+00:00,true,2026-04-27T02:27:06.023424+00:00,true,true,2026-03-30T02:27:06.023424+00:00,2026-03-31T02:27:06.023424+00:00
user-finance-274,arn:aws:iam::123456789012:user/user-finance-274,2025-04-29T02:27:06.023424+00:00,true,2026-04-28T02:27:06.023424+00:00,false,true,2025-11-17T02:27:06.023424+00:00,2025-11-18T02:27:06.023424+00:00
user-product-275,arn:aws:iam::123456789012:user/user-product-275,2025-04-29T02:27:06.023424+00:00,true,2026-04-26T02:27:06.023424+00:00,true,true,2026-02-11T02:27:06.023424+00:00,2026-02-12T02:27:06.023424+00:00
user-finance-276,arn:aws:iam::123456789012:user/user-finance-276,2025-04-29T02:27:06.023424+00:00,true,2026-04-28T02:27:06.023424+00:00,true,true,2026-01-08T02:27:06.023424+00:00,2026-01-09T02:27:06.023424+00:00
user-security-277,arn:aws:iam::123456789012:user/user-security-277,2025-04-29T02:27:06.023424+00:00,true,2026-04-26T02:27:06.023424+00:00,true,true,2026-01-26T02:27:06.023424+00:00,2026-01-27T02:27:06.023424+00:00
user-devops-278,arn:aws:iam::123456789012:user/user-devops-278,2025-04-29T02:27:06.023424+00:00,true,2026-04-27T02:27:06.023424+00:00,false,false,N/A,N/A
user-devops-279,arn:aws:iam::123456789012:user/user-devops-279,2025-04-29T02:27:06.023424+00:00,true,2026-04-24T02:27:06.023424+00:00,true,false,N/A,N/A
user-product-280,arn:aws:iam::123456789012:user/user-product-280,2025-04-29T02:27:06.023424+00:00,true,2026-04-20T02:27:06.023424+00:00,false,true,2025-11-25T02:27:06.023424+00:00,2025-11-26T02:27:06.023424+00:00
user-finance-281,arn:aws:iam::123456789012:user/user-finance-281,2025-04-29T02:27:06.023424+00:00,true,2026-04-21T02:27:06.023424+00:00,true,true,2025-12-23T02:27:06.023424+00:00,2025-12-24T02:27:06.023424+00:00
user-product-282,arn:aws:iam::123456789012:user/user-product-282,2025-04-29T02:27:06.023424+00:00,true,2026-04-24T02:27:06.023424+00:00,false,true,2026-04-17T02:27:06.023424+00:00,2026-04-18T02:27:06.023424+00:00
user-hr-283,arn:aws:iam::123456789012:user/user-hr-283,2025-04-29T02:27:06.023424+00:00,true,2026-04-19T02:27:06.023424+00:00,true,true,2025-11-25T02:27:06.023424+00:00,2025-11-26T02:27:06.023424+00:00
user-engineering-284,arn:aws:iam::123456789012:user/user-engineering-284,2025-04-29T02:27:06.023424+00:00,true,2026-04-20T02:27:06.023424+00:00,true,false,N/A,N/A
user-devops-285,arn:aws:iam::123456789012:user/user-devops-285,2025-04-29T02:27:06.023424+00:00,true,2026-04-28T02:27:06.023424+00:00,true,true,2025-12-14T02:27:06.023424+00:00,2025-12-15T02:27:06.023424+00:00
user-hr-286,arn:aws:iam::123456789012:user/user-hr-286,2025-04-29T02:27:06.023424+00:00,true,2026-04-21T02:27:06.023424+00:00,true,true,2026-02-19T02:27:06.023424+00:00,2026-02-20T02:27:06.023424+00:00
user-hr-287,arn:aws:iam::123456789012:user/user-hr-287,2025-04-29T02:27:06.023424+00:00,true,2026-04-23T02:27:06.023424+00:00,true,false,N/A,N/A
user-product-288,arn:aws:iam::123456789012:user/user-product-288,2025-04-29T02:27:06.023424+00:00,true,2026-04-19T02:27:06.023424+00:00,true,true,2026-03-29T02:27:06.023424+00:00,2026-03-30T02:27:06.023424+00:00
user-finance-289,arn:aws:iam::123456789012:user/user-finance-289,2025-04-29T02:27:06.023424+00:00,true,2026-04-24T02:27:06.023424+00:00,true,true,2026-03-25T02:27:06.023424+00:00,2026-03-26T02:27:06.023424+00:00
user-product-290,arn:aws:iam::123456789012:user/user-product-290,2025-04-29T02:27:06.023424+00:00,true,2026-04-21T02:27:06.023424+00:00,false,false,N/A,N/A
user-finance-291,arn:aws:iam::123456789012:user/user-finance-291,2025-04-29T02:27:06.023424+00:00,true,2026-04-28T02:27:06.023424+00:00,true,false,N/A,N/A
user-hr-292,arn:aws:iam::123456789012:user/user-hr-292,2025-04-29T02:27:06.023424+00:00,true,2026-04-28T02:27:06.023424+00:00,true,true,2026-02-22T02:27:06.023424+00:00,2026-02-23T02:27:06.023424+00:00
user-engineering-293,arn:aws:iam::123456789012:user/user-engineering-293,2025-04-29T02:27:06.023424+00:00,true,2026-04-23T02:27:06.023424+00:00,true,true,2026-02-13T02:27:06.023424+00:00,2026-02-14T02:27:06.023424+00:00
user-product-294,arn:aws:iam::123456789012:user/user-product-294,2025-04-29T02:27:06.023424+00:00,true,2026-04-25T02:27:06.023424+00:00,false,true,2026-03-25T02:27:06.023424+00:00,2026-03-26T02:27:06.023424+00:00
user-hr-295,arn:aws:iam::123456789012:user/user-hr-295,2025-04-29T02:27:06.023424+00:00,true,2026-04-26T02:27:06.023424+00:00,true,true,2026-01-20T02:27:06.023424+00:00,2026-01-21T02:27:06.023424+00:00
user-product-296,arn:aws:iam::123456789012:user/user-product-296,2025-04-29T02:27:06.023424+00:00,true,2026-04-20T02:27:06.023424+00:00,true,false,N/A,N/A
user-security-297,arn:aws:iam::123456789012:user/user-security-297,2025-04-29T02:27:06.023424+00:00,true,2026-04-23T02:27:06.023424+00:00,true,true,2026-01-08T02:27:06.023424+00:00,2026-01-09T02:27:06.023424+00:00
user-finance-298,arn:aws:iam::123456789012:user/user-finance-298,2025-04-29T02:27:06.023424+00:00,true,2026-04-23T02:27:06.023424+00:00,true,true,2025-11-23T02:27:06.023424+00:00,2025-11-24T02:27:06.023424+00:00
user-hr-299,arn:aws:iam::123456789012:user/user-hr-299,2025-04-29T02:27:06.023424+00:00,true,2026-04-27T02:27:06.023424+00:00,true,true,2025-12-17T02:27:06.023424+00:00,2025-12-18T02:27:06.023424+00:00
user-hr-300,arn:aws:iam::123456789012:user/user-hr-300,2025-04-29T02:27:06.023424+00:00,true,2026-04-26T02:27:06.023424+00:00,true,true,2025-12-09T02:27:06.023424+00:00,2025-12-10T02:27:06.023424+00:00
user-devops-301,arn:aws:iam::123456789012:user/user-devops-301,2025-04-29T02:27:06.023424+00:00,true,2026-04-20T02:27:06.023424+00:00,true,true,2025-12-01T02:27:06.023424+00:00,2025-12-02T02:27:06.023424+00:00
user-hr-302,arn:aws:iam::123456789012:user/user-hr-302,2025-04-29T02:27:06.023424+00:00,true,2026-04-22T02:27:06.023424+00:00,true,false,N/A,N/A
user-product-303,arn:aws:iam::123456789012:user/user-product-303,2025-04-29T02:27:06.023424+00:00,true,2026-04-22T02:27:06.023424+00:00,true,false,N/A,N/A
user-finance-304,arn:aws:iam::123456789012:user/user-finance-304,2025-04-29T02:27:06.023424+00:00,true,2026-04-25T02:27:06.023424+00:00,false,true,2025-11-27T02:27:06.023424+00:00,2025-11-28T02:27:06.023424+00:00
user-devops-305,arn:aws:iam::123456789012:user/user-devops-305,2025-04-29T02:27:06.023424+00:00,true,2026-04-22T02:27:06.023424+00:00,true,false,N/A,N/A
user-devops-306,arn:aws:iam::123456789012:user/user-devops-306,2025-04-29T02:27:06.023424+00:00,true,2026-04-21T02:27:06.023424+00:00,true,false,N/A,N/A
user-product-307,arn:aws:iam::123456789012:user/user-product-307,2025-04-29T02:27:06.023424+00:00,true,2026-04-19T02:27:06.023424+00:00,false,true,2026-03-18T02:27:06.023424+00:00,2026-03-19T02:27:06.023424+00:00
user-product-308,arn:aws:iam::123456789012:user/user-product-308,2025-04-29T02:27:06.023424+00:00,true,2026-04-28T02:27:06.023424+00:00,false,true,2026-02-10T02:27:06.023424+00:00,2026-02-11T02:27:06.023424+00:00
user-devops-309,arn:aws:iam::123456789012:user/user-devops-309,2025-04-29T02:27:06.023424+00:00,true,2026-04-20T02:27:06.023424+00:00,false,true,2026-01-05T02:27:06.023424+00:00,2026-01-06T02:27:06.023424+00:00
user-finance-310,arn:aws:iam::123456789012:user/user-finance-310,2025-04-29T02:27:06.023424+00:00,true,2026-04-26T02:27:06.023424+00:00,true,true,2025-11-03T02:27:06.023424+00:00,2025-11-04T02:27:06.023424+00:00
user-security-311,arn:aws:iam::123456789012:user/user-security-311,2025-04-29T02:27:06.023424+00:00,true,2026-04-19T02:27:06.023424+00:00,true,true,2026-03-31T02:27:06.023424+00:00,2026-04-01T02:27:06.023424+00:00
user-devops-312,arn:aws:iam::123456789012:user/user-devops-312,2025-04-29T02:27:06.023424+00:00,true,2026-04-26T02:27:06.023424+00:00,false,true,2026-04-04T02:27:06.023424+00:00,2026-04-05T02:27:06.023424+00:00
user-engineering-313,arn:aws:iam::123456789012:user/user-engineering-313,2025-04-29T02:27:06.023424+00:00,true,2026-04-28T02:27:06.023424+00:00,true,false,N/A,N/A
user-engineering-314,arn:aws:iam::123456789012:user/user-engineering-314,2025-04-29T02:27:06.023424+00:00,true,2026-04-27T02:27:06.023424+00:00,true,false,N/A,N/A
user-product-315,arn:aws:iam::123456789012:user/user-product-315,2025-04-29T02:27:06.023424+00:00,true,2026-04-26T02:27:06.023424+00:00,true,true,2026-01-18T02:27:06.023424+00:00,2026-01-19T02:27:06.023424+00:00
user-devops-316,arn:aws:iam::123456789012:user/user-devops-316,2025-04-29T02:27:06.023424+00:00,true,2026-04-20T02:27:06.023424+00:00,true,true,2025-12-13T02:27:06.023424+00:00,2025-12-14T02:27:06.023424+00:00
user-engineering-317,arn:aws:iam::123456789012:user/user-engineering-317,2025-04-29T02:27:06.023424+00:00,true,2026-04-22T02:27:06.023424+00:00,true,true,2025-12-12T02:27:06.023424+00:00,2025-12-13T02:27:06.023424+00:00
user-product-318,arn:aws:iam::123456789012:user/user-product-318,2025-04-29T02:27:06.023424+00:00,true,2026-04-20T02:27:06.023424+00:00,true,true,2026-04-28T02:27:06.023424+00:00,2026-04-29T02:27:06.023424+00:00
user-finance-319,arn:aws:iam::123456789012:user/user-finance-319,2025-04-29T02:27:06.023424+00:00,true,2026-04-24T02:27:06.023424+00:00,true,true,2026-03-15T02:27:06.023424+00:00,2026-03-16T02:27:06.023424+00:00
user-security-320,arn:aws:iam::123456789012:user/user-security-320,2025-04-29T02:27:06.023424+00:00,true,2026-04-28T02:27:06.023424+00:00,true,false,N/A,N/A
user-hr-321,arn:aws:iam::123456789012:user/user-hr-321,2025-04-29T02:27:06.023424+00:00,true,2026-04-23T02:27:06.023424+00:00,true,true,2025-12-22T02:27:06.023424+00:00,2025-12-23T02:27:06.023424+00:00
user-finance-322,arn:aws:iam::123456789012:user/user-finance-322,2025-04-29T02:27:06.023424+00:00,true,2026-04-22T02:27:06.023424+00:00,true,false,N/A,N/A
user-product-323,arn:aws:iam::123456789012:user/user-product-323,2025-04-29T02:27:06.023424+00:00,true,2026-04-21T02:27:06.023424+00:00,true,true,2026-01-24T02:27:06.023424+00:00,2026-01-25T02:27:06.023424+00:00
user-engineering-324,arn:aws:iam::123456789012:user/user-engineering-324,2025-04-29T02:27:06.023424+00:00,true,2026-04-28T02:27:06.023424+00:00,false,true,2026-04-21T02:27:06.023424+00:00,2026-04-22T02:27:06.023424+00:00
user-hr-325,arn:aws:iam::123456789012:user/user-hr-325,2025-04-29T02:27:06.023424+00:00,true,2026-04-21T02:27:06.023424+00:00,true,true,2026-03-27T02:27:06.023424+00:00,2026-03-28T02:27:06.023424+00:00
user-devops-326,arn:aws:iam::123456789012:user/user-devops-326,2025-04-29T02:27:06.023424+00:00,true,2026-04-24T02:27:06.023424+00:00,true,true,2025-11-12T02:27:06.023424+00:00,2025-11-13T02:27:06.023424+00:00
user-engineering-327,arn:aws:iam::123456789012:user/user-engineering-327,2025-04-29T02:27:06.023424+00:00,true,2026-04-20T02:27:06.023424+00:00,true,true,2026-03-13T02:27:06.023424+00:00,2026-03-14T02:27:06.023424+00:00
user-security-328,arn:aws:iam::123456789012:user/user-security-328,2025-04-29T02:27:06.023424+00:00,true,2026-04-22T02:27:06.023424+00:00,true,false,N/A,N/A
user-engineering-329,arn:aws:iam::123456789012:user/user-engineering-329,2025-04-29T02:27:06.023424+00:00,true,2026-04-28T02:27:06.023424+00:00,true,true,2026-04-20T02:27:06.023424+00:00,2026-04-21T02:27:06.023424+00:00
user-security-330,arn:aws:iam::123456789012:user/user-security-330,2025-04-29T02:27:06.023424+00:00,true,2026-04-27T02:27:06.023424+00:00,true,false,N/A,N/A
user-devops-331,arn:aws:iam::123456789012:user/user-devops-331,2025-04-29T02:27:06.023424+00:00,true,2026-04-19T02:27:06.023424+00:00,true,true,2026-02-25T02:27:06.023424+00:00,2026-02-26T02:27:06.023424+00:00
user-devops-332,arn:aws:iam::123456789012:user/user-devops-332,2025-04-29T02:27:06.023424+00:00,true,2026-04-24T02:27:06.023424+00:00,true,false,N/A,N/A
user-product-333,arn:aws:iam::123456789012:user/user-product-333,2025-04-29T02:27:06.023424+00:00,true,2026-04-28T02:27:06.023424+00:00,true,true,2026-04-10T02:27:06.023424+00:00,2026-04-11T02:27:06.023424+00:00
user-hr-334,arn:aws:iam::123456789012:user/user-hr-334,2025-04-29T02:27:06.023424+00:00,true,2026-04-26T02:27:06.023424+00:00,true,false,N/A,N/A
user-devops-335,arn:aws:iam::123456789012:user/user-devops-335,2025-04-29T02:27:06.023424+00:00,true,2026-04-27T02:27:06.023424+00:00,true,true,2026-01-20T02:27:06.023424+00:00,2026-01-21T02:27:06.023424+00:00
user-hr-336,arn:aws:iam::123456789012:user/user-hr-336,2025-04-29T02:27:06.023424+00:00,true,2026-04-27T02:27:06.023424+00:00,false,true,2026-02-18T02:27:06.023424+00:00,2026-02-19T02:27:06.023424+00:00
user-finance-337,arn:aws:iam::123456789012:user/user-finance-337,2025-04-29T02:27:06.023424+00:00,true,2026-04-20T02:27:06.023424+00:00,false,true,2026-01-20T02:27:06.023424+00:00,2026-01-21T02:27:06.023424+00:00
user-hr-338,arn:aws:iam::123456789012:user/user-hr-338,2025-04-29T02:27:06.023424+00:00,true,2026-04-23T02:27:06.023424+00:00,false,true,2026-03-09T02:27:06.023424+00:00,2026-03-10T02:27:06.023424+00:00
user-product-339,arn:aws:iam::123456789012:user/user-product-339,2025-04-29T02:27:06.023424+00:00,true,2026-04-23T02:27:06.023424+00:00,true,true,2025-11-04T02:27:06.023424+00:00,2025-11-05T02:27:06.023424+00:00
user-product-340,arn:aws:iam::123456789012:user/user-product-340,2025-04-29T02:27:06.023424+00:00,true,2026-04-23T02:27:06.023424+00:00,true,true,2026-04-29T02:27:06.023424+00:00,2026-04-30T02:27:06.023424+00:00
user-hr-341,arn:aws:iam::123456789012:user/user-hr-341,2025-04-29T02:27:06.023424+00:00,true,2026-04-27T02:27:06.023424+00:00,true,true,2026-03-03T02:27:06.023424+00:00,2026-03-04T02:27:06.023424+00:00
user-devops-342,arn:aws:iam::123456789012:user/user-devops-342,2025-04-29T02:27:06.023424+00:00,true,2026-04-28T02:27:06.023424+00:00,true,false,N/A,N/A
user-finance-343,arn:aws:iam::123456789012:user/user-finance-343,2025-04-29T02:27:06.023424+00:00,true,2026-04-23T02:27:06.023424+00:00,true,false,N/A,N/A
user-finance-344,arn:aws:iam::123456789012:user/user-finance-344,2025-04-29T02:27:06.023424+00:00,true,2026-04-23T02:27:06.023424+00:00,true,true,2026-04-06T02:27:06.023424+00:00,2026-04-07T02:27:06.023424+00:00
user-devops-345,arn:aws:iam::123456789012:user/user-devops-345,2025-04-29T02:27:06.023424+00:00,true,2026-04-21T02:27:06.023424+00:00,true,true,2025-12-08T02:27:06.023424+00:00,2025-12-09T02:27:06.023424+00:00
user-product-346,arn:aws:iam::123456789012:user/user-product-346,2025-04-29T02:27:06.023424+00:00,true,2026-04-24T02:27:06.023424+00:00,true,false,N/A,N/A
user-finance-347,arn:aws:iam::123456789012:user/user-finance-347,2025-04-29T02:27:06.023424+00:00,true,2026-04-19T02:27:06.023424+00:00,false,true,2026-02-13T02:27:06.023424+00:00,2026-02-14T02:27:06.023424+00:00
user-security-348,arn:aws:iam::123456789012:user/user-security-348,2025-04-29T02:27:06.023424+00:00,true,2026-04-21T02:27:06.023424+00:00,false,true,2026-04-29T02:27:06.023424+00:00,2026-04-30T02:27:06.023424+00:00
user-security-349,arn:aws:iam::123456789012:user/user-security-349,2025-04-29T02:27:06.023424+00:00,true,2026-04-23T02:27:06.023424+00:00,true,true,2026-04-04T02:27:06.023424+00:00,2026-04-05T02:27:06.023424+00:00
user-security-350,arn:aws:iam::123456789012:user/user-security-350,2025-04-29T02:27:06.023424+00:00,true,2026-04-21T02:27:06.023424+00:00,true,false,N/A,N/A
user-engineering-351,arn:aws:iam::123456789012:user/user-engineering-351,2025-04-29T02:27:06.023424+00:00,true,2026-04-20T02:27:06.023424+00:00,true,false,N/A,N/A
user-devops-352,arn:aws:iam::123456789012:user/user-devops-352,2025-04-29T02:27:06.023424+00:00,true,2026-04-22T02:27:06.023424+00:00,true,true,2025-12-30T02:27:06.023424+00:00,2025-12-31T02:27:06.023424+00:00
user-product-353,arn:aws:iam::123456789012:user/user-product-353,2025-04-29T02:27:06.023424+00:00,true,2026-04-19T02:27:06.023424+00:00,true,true,2026-01-17T02:27:06.023424+00:00,2026-01-18T02:27:06.023424+00:00
user-devops-354,arn:aws:iam::123456789012:user/user-devops-354,2025-04-29T02:27:06.023424+00:00,true,2026-04-20T02:27:06.023424+00:00,true,true,2025-11-18T02:27:06.023424+00:00,2025-11-19T02:27:06.023424+00:00
user-security-355,arn:aws:iam::123456789012:user/user-security-355,2025-04-29T02:27:06.023424+00:00,true,2026-04-21T02:27:06.023424+00:00,false,false,N/A,N/A
user-product-356,arn:aws:iam::123456789012:user/user-product-356,2025-04-29T02:27:06.023424+00:00,true,2026-04-22T02:27:06.023424+00:00,false,true,2026-01-08T02:27:06.023424+00:00,2026-01-09T02:27:06.023424+00:00
user-finance-357,arn:aws:iam::123456789012:user/user-finance-357,2025-04-29T02:27:06.023424+00:00,true,2026-04-23T02:27:06.023424+00:00,false,false,N/A,N/A
user-hr-358,arn:aws:iam::123456789012:user/user-hr-358,2025-04-29T02:27:06.023424+00:00,true,2026-04-28T02:27:06.023424+00:00,true,false,N/A,N/A
user-hr-359,arn:aws:iam::123456789012:user/user-hr-359,2025-04-29T02:27:06.023424+00:00,true,2026-04-27T02:27:06.023424+00:00,true,true,2025-11-23T02:27:06.023424+00:00,2025-11-24T02:27:06.023424+00:00
user-devops-360,arn:aws:iam::123456789012:user/user-devops-360,2025-04-29T02:27:06.023424+00:00,true,2026-04-25T02:27:06.023424+00:00,true,true,2026-01-08T02:27:06.023424+00:00,2026-01-09T02:27:06.023424+00:00
user-security-361,arn:aws:iam::123456789012:user/user-security-361,2025-04-29T02:27:06.023424+00:00,true,2026-04-25T02:27:06.023424+00:00,true,true,2025-10-31T02:27:06.023424+00:00,2025-11-01T02:27:06.023424+00:00
user-finance-362,arn:aws:iam::123456789012:user/user-finance-362,2025-04-29T02:27:06.023424+00:00,true,2026-04-20T02:27:06.023424+00:00,false,false,N/A,N/A
user-product-363,arn:aws:iam::123456789012:user/user-product-363,2025-04-29T02:27:06.023424+00:00,true,2026-04-19T02:27:06.023424+00:00,true,true,2026-03-16T02:27:06.023424+00:00,2026-03-17T02:27:06.023424+00:00
user-hr-364,arn:aws:iam::123456789012:user/user-hr-364,2025-04-29T02:27:06.023424+00:00,true,2026-04-24T02:27:06.023424+00:00,false,true,2025-11-26T02:27:06.023424+00:00,2025-11-27T02:27:06.023424+00:00
user-product-365,arn:aws:iam::123456789012:user/user-product-365,2025-04-29T02:27:06.023424+00:00,true,2026-04-20T02:27:06.023424+00:00,true,true,2026-03-12T02:27:06.023424+00:00,2026-03-13T02:27:06.023424+00:00
user-devops-366,arn:aws:iam::123456789012:user/user-devops-366,2025-04-29T02:27:06.023424+00:00,true,2026-04-26T02:27:06.023424+00:00,true,true,2026-02-11T02:27:06.023424+00:00,2026-02-12T02:27:06.023424+00:00
user-product-367,arn:aws:iam::123456789012:user/user-product-367,2025-04-29T02:27:06.023424+00:00,true,2026-04-22T02:27:06.023424+00:00,true,true,2026-03-15T02:27:06.023424+00:00,2026-03-16T02:27:06.023424+00:00
user-security-368,arn:aws:iam::123456789012:user/user-security-368,2025-04-29T02:27:06.023424+00:00,true,2026-04-23T02:27:06.023424+00:00,true,true,2026-02-09T02:27:06.023424+00:00,2026-02-10T02:27:06.023424+00:00
user-product-369,arn:aws:iam::123456789012:user/user-product-369,2025-04-29T02:27:06.023424+00:00,true,2026-04-26T02:27:06.023424+00:00,true,true,2026-04-11T02:27:06.023424+00:00,2026-04-12T02:27:06.023424+00:00
user-devops-370,arn:aws:iam::123456789012:user/user-devops-370,2025-04-29T02:27:06.023424+00:00,true,2026-04-25T02:27:06.023424+00:00,false,false,N/A,N/A
user-product-371,arn:aws:iam::123456789012:user/user-product-371,2025-04-29T02:27:06.023424+00:00,true,2026-04-21T02:27:06.023424+00:00,true,false,N/A,N/A
user-engineering-372,arn:aws:iam::123456789012:user/user-engineering-372,2025-04-29T02:27:06.023424+00:00,true,2026-04-28T02:27:06.023424+00:00,true,false,N/A,N/A
user-product-373,arn:aws:iam::123456789012:user/user-product-373,2025-04-29T02:27:06.023424+00:00,true,2026-04-23T02:27:06.023424+00:00,true,false,N/A,N/A
user-hr-374,arn:aws:iam::123456789012:user/user-hr-374,2025-04-29T02:27:06.023424+00:00,true,2026-04-27T02:27:06.023424+00:00,true,true,2026-04-05T02:27:06.023424+00:00,2026-04-06T02:27:06.023424+00:00
user-product-375,arn:aws:iam::123456789012:user/user-product-375,2025-04-29T02:27:06.023424+00:00,true,2026-04-25T02:27:06.023424+00:00,true,true,2025-12-04T02:27:06.023424+00:00,2025-12-05T02:27:06.023424+00:00
user-security-376,arn:aws:iam::123456789012:user/user-security-376,2025-04-29T02:27:06.023424+00:00,true,2026-04-21T02:27:06.023424+00:00,true,true,2026-04-11T02:27:06.023424+00:00,2026-04-12T02:27:06.023424+00:00
user-security-377,arn:aws:iam::123456789012:user/user-security-377,2025-04-29T02:27:06.023424+00:00,true,2026-04-22T02:27:06.023424+00:00,true,true,2026-03-26T02:27:06.023424+00:00,2026-03-27T02:27:06.023424+00:00
user-engineering-378,arn:aws:iam::123456789012:user/user-engineering-378,2025-04-29T02:27:06.023424+00:00,true,2026-04-26T02:27:06.023424+00:00,true,false,N/A,N/A
user-product-379,arn:aws:iam::123456789012:user/user-product-379,2025-04-29T02:27:06.023424+00:00,true,2026-04-24T02:27:06.023424+00:00,true,false,N/A,N/A
user-product-380,arn:aws:iam::123456789012:user/user-product-380,2025-04-29T02:27:06.023424+00:00,true,2026-04-28T02:27:06.023424+00:00,true,true,2026-01-07T02:27:06.023424+00:00,2026-01-08T02:27:06.023424+00:00
user-devops-381,arn:aws:iam::123456789012:user/user-devops-381,2025-04-29T02:27:06.023424+00:00,true,2026-04-21T02:27:06.023424+00:00,false,true,2026-04-04T02:27:06.023424+00:00,2026-04-05T02:27:06.023424+00:00
user-security-382,arn:aws:iam::123456789012:user/user-security-382,2025-04-29T02:27:06.023424+00:00,true,2026-04-19T02:27:06.023424+00:00,false,true,2025-12-19T02:27:06.023424+00:00,2025-12-20T02:27:06.023424+00:00
user-security-383,arn:aws:iam::123456789012:user/user-security-383,2025-04-29T02:27:06.023424+00:00,true,2026-04-27T02:27:06.023424+00:00,false,true,2026-01-03T02:27:06.023424+00:00,2026-01-04T02:27:06.023424+00:00
user-product-384,arn:aws:iam::123456789012:user/user-product-384,2025-04-29T02:27:06.023424+00:00,true,2026-04-23T02:27:06.023424+00:00,true,true,2026-03-17T02:27:06.023424+00:00,2026-03-18T02:27:06.023424+00:00
user-security-385,arn:aws:iam::123456789012:user/user-security-385,2025-04-29T02:27:06.023424+00:00,true,2026-04-26T02:27:06.023424+00:00,true,true,2026-03-22T02:27:06.023424+00:00,2026-03-23T02:27:06.023424+00:00
user-hr-386,arn:aws:iam::123456789012:user/user-hr-386,2025-04-29T02:27:06.023424+00:00,true,2026-04-22T02:27:06.023424+00:00,false,true,2026-03-24T02:27:06.023424+00:00,2026-03-25T02:27:06.023424+00:00
user-devops-387,arn:aws:iam::123456789012:user/user-devops-387,2025-04-29T02:27:06.023424+00:00,true,2026-04-24T02:27:06.023424+00:00,true,true,2026-04-10T02:27:06.023424+00:00,2026-04-11T02:27:06.023424+00:00
user-hr-388,arn:aws:iam::123456789012:user/user-hr-388,2025-04-29T02:27:06.023424+00:00,true,2026-04-24T02:27:06.023424+00:00,true,false,N/A,N/A
user-product-389,arn:aws:iam::123456789012:user/user-product-389,2025-04-29T02:27:06.023424+00:00,true,2026-04-28T02:27:06.023424+00:00,true,true,2025-11-18T02:27:06.023424+00:00,2025-11-19T02:27:06.023424+00:00
user-security-390,arn:aws:iam::123456789012:user/user-security-390,2025-04-29T02:27:06.023424+00:00,true,2026-04-26T02:27:06.023424+00:00,true,false,N/A,N/A
user-devops-391,arn:aws:iam::123456789012:user/user-devops-391,2025-04-29T02:27:06.023424+00:00,true,2026-04-19T02:27:06.023424+00:00,false,false,N/A,N/A
user-finance-392,arn:aws:iam::123456789012:user/user-finance-392,2025-04-29T02:27:06.023424+00:00,true,2026-04-19T02:27:06.023424+00:00,true,true,2025-11-04T02:27:06.023424+00:00,2025-11-05T02:27:06.023424+00:00
user-security-393,arn:aws:iam::123456789012:user/user-security-393,2025-04-29T02:27:06.023424+00:00,true,2026-04-23T02:27:06.023424+00:00,true,true,2026-01-22T02:27:06.023424+00:00,2026-01-23T02:27:06.023424+00:00
user-finance-394,arn:aws:iam::123456789012:user/user-finance-394,2025-04-29T02:27:06.023424+00:00,true,2026-04-21T02:27:06.023424+00:00,false,true,2025-12-15T02:27:06.023424+00:00,2025-12-16T02:27:06.023424+00:00
user-product-395,arn:aws:iam::123456789012:user/user-product-395,2025-04-29T02:27:06.023424+00:00,true,2026-04-21T02:27:06.023424+00:00,true,false,N/A,N/A
user-engineering-396,arn:aws:iam::123456789012:user/user-engineering-396,2025-04-29T02:27:06.023424+00:00,true,2026-04-19T02:27:06.023424+00:00,true,true,2026-02-11T02:27:06.023424+00:00,2026-02-12T02:27:06.023424+00:00
user-hr-397,arn:aws:iam::123456789012:user/user-hr-397,2025-04-29T02:27:06.023424+00:00,true,2026-04-27T02:27:06.023424+00:00,false,true,2026-04-08T02:27:06.023424+00:00,2026-04-09T02:27:06.023424+00:00
user-product-398,arn:aws:iam::123456789012:user/user-product-398,2025-04-29T02:27:06.023424+00:00,true,2026-04-21T02:27:06.023424+00:00,true,true,2026-04-25T02:27:06.023424+00:00,2026-04-26T02:27:06.023424+00:00
user-engineering-399,arn:aws:iam::123456789012:user/user-engineering-399,2025-04-29T02:27:06.023424+00:00,true,2026-04-22T02:27:06.023424+00:00,true,true,2025-11-12T02:27:06.023424+00:00,2025-11-13T02:27:06.023424+00:00
user-finance-400,arn:aws:iam::123456789012:user/user-finance-400,2025-04-29T02:27:06.023424+00:00,true,2026-04-21T02:27:06.023424+00:00,true,false,N/A,N/A
user-engineering-401,arn:aws:iam::123456789012:user/user-engineering-401,2025-04-29T02:27:06.023424+00:00,true,2026-04-19T02:27:06.023424+00:00,true,true,2025-12-16T02:27:06.023424+00:00,2025-12-17T02:27:06.023424+00:00
user-hr-402,arn:aws:iam::123456789012:user/user-hr-402,2025-04-29T02:27:06.023424+00:00,true,2026-04-25T02:27:06.023424+00:00,true,true,2025-11-05T02:27:06.023424+00:00,2025-11-06T02:27:06.023424+00:00
user-hr-403,arn:aws:iam::123456789012:user/user-hr-403,2025-04-29T02:27:06.023424+00:00,true,2026-04-27T02:27:06.023424+00:00,true,true,2026-01-08T02:27:06.023424+00:00,2026-01-09T02:27:06.023424+00:00
user-devops-404,arn:aws:iam::123456789012:user/user-devops-404,2025-04-29T02:27:06.023424+00:00,true,2026-04-19T02:27:06.023424+00:00,true,false,N/A,N/A
user-finance-405,arn:aws:iam::123456789012:user/user-finance-405,2025-04-29T02:27:06.023424+00:00,true,2026-04-28T02:27:06.023424+00:00,true,true,2026-04-20T02:27:06.023424+00:00,2026-04-21T02:27:06.023424+00:00
user-hr-406,arn:aws:iam::123456789012:user/user-hr-406,2025-04-29T02:27:06.023424+00:00,true,2026-04-25T02:27:06.023424+00:00,false,false,N/A,N/A
user-security-407,arn:aws:iam::123456789012:user/user-security-407,2025-04-29T02:27:06.023424+00:00,true,2026-04-21T02:27:06.023424+00:00,true,false,N/A,N/A
user-hr-408,arn:aws:iam::123456789012:user/user-hr-408,2025-04-29T02:27:06.023424+00:00,true,2026-04-21T02:27:06.023424+00:00,true,false,N/A,N/A
user-hr-409,arn:aws:iam::123456789012:user/user-hr-409,2025-04-29T02:27:06.023424+00:00,true,2026-04-20T02:27:06.023424+00:00,true,false,N/A,N/A
user-engineering-410,arn:aws:iam::123456789012:user/user-engineering-410,2025-04-29T02:27:06.023424+00:00,true,2026-04-28T02:27:06.023424+00:00,true,true,2026-02-13T02:27:06.023424+00:00,2026-02-14T02:27:06.023424+00:00
user-engineering-411,arn:aws:iam::123456789012:user/user-engineering-411,2025-04-29T02:27:06.023424+00:00,true,2026-04-25T02:27:06.023424+00:00,false,true,2025-11-30T02:27:06.023424+00:00,2025-12-01T02:27:06.023424+00:00
user-hr-412,arn:aws:iam::123456789012:user/user-hr-412,2025-04-29T02:27:06.023424+00:00,true,2026-04-20T02:27:06.023424+00:00,false,true,2026-03-02T02:27:06.023424+00:00,2026-03-03T02:27:06.023424+00:00
user-devops-413,arn:aws:iam::123456789012:user/user-devops-413,2025-04-29T02:27:06.023424+00:00,true,2026-04-27T02:27:06.023424+00:00,true,false,N/A,N/A
user-security-414,arn:aws:iam::123456789012:user/user-security-414,2025-04-29T02:27:06.023424+00:00,true,2026-04-26T02:27:06.023424+00:00,true,true,2025-12-31T02:27:06.023424+00:00,2026-01-01T02:27:06.023424+00:00
user-hr-415,arn:aws:iam::123456789012:user/user-hr-415,2025-04-29T02:27:06.023424+00:00,true,2026-04-20T02:27:06.023424+00:00,true,true,2025-11-19T02:27:06.023424+00:00,2025-11-20T02:27:06.023424+00:00
user-hr-416,arn:aws:iam::123456789012:user/user-hr-416,2025-04-29T02:27:06.023424+00:00,true,2026-04-26T02:27:06.023424+00:00,true,false,N/A,N/A
user-hr-417,arn:aws:iam::123456789012:user/user-hr-417,2025-04-29T02:27:06.023424+00:00,true,2026-04-22T02:27:06.023424+00:00,true,true,2025-11-25T02:27:06.023424+00:00,2025-11-26T02:27:06.023424+00:00
user-engineering-418,arn:aws:iam::123456789012:user/user-engineering-418,2025-04-29T02:27:06.023424+00:00,true,2026-04-20T02:27:06.023424+00:00,true,false,N/A,N/A
user-engineering-419,arn:aws:iam::123456789012:user/user-engineering-419,2025-04-29T02:27:06.023424+00:00,true,2026-04-23T02:27:06.023424+00:00,true,true,2025-12-18T02:27:06.023424+00:00,2025-12-19T02:27:06.023424+00:00
user-product-420,arn:aws:iam::123456789012:user/user-product-420,2025-04-29T02:27:06.023424+00:00,true,2026-04-24T02:27:06.023424+00:00,true,false,N/A,N/A
user-devops-421,arn:aws:iam::123456789012:user/user-devops-421,2025-04-29T02:27:06.023424+00:00,true,2026-04-23T02:27:06.023424+00:00,false,false,N/A,N/A
user-security-422,arn:aws:iam::123456789012:user/user-security-422,2025-04-29T02:27:06.023424+00:00,true,2026-04-19T02:27:06.023424+00:00,true,false,N/A,N/A
user-devops-423,arn:aws:iam::123456789012:user/user-devops-423,2025-04-29T02:27:06.023424+00:00,true,2026-04-20T02:27:06.023424+00:00,false,true,2026-04-29T02:27:06.023424+00:00,2026-04-30T02:27:06.023424+00:00
user-engineering-424,arn:aws:iam::123456789012:user/user-engineering-424,2025-04-29T02:27:06.023424+00:00,true,2026-04-27T02:27:06.023424+00:00,false,true,2025-12-19T02:27:06.023424+00:00,2025-12-20T02:27:06.023424+00:00
user-engineering-425,arn:aws:iam::123456789012:user/user-engineering-425,2025-04-29T02:27:06.023424+00:00,true,2026-04-27T02:27:06.023424+00:00,false,true,2026-04-28T02:27:06.023424+00:00,2026-04-29T02:27:06.023424+00:00
user-finance-426,arn:aws:iam::123456789012:user/user-finance-426,2025-04-29T02:27:06.023424+00:00,true,2026-04-20T02:27:06.023424+00:00,true,false,N/A,N/A
user-security-427,arn:aws:iam::123456789012:user/user-security-427,2025-04-29T02:27:06.023424+00:00,true,2026-04-21T02:27:06.023424+00:00,true,false,N/A,N/A
user-finance-428,arn:aws:iam::123456789012:user/user-finance-428,2025-04-29T02:27:06.023424+00:00,true,2026-04-26T02:27:06.023424+00:00,true,false,N/A,N/A
user-product-429,arn:aws:iam::123456789012:user/user-product-429,2025-04-29T02:27:06.023424+00:00,true,2026-04-22T02:27:06.023424+00:00,false,true,2026-01-17T02:27:06.023424+00:00,2026-01-18T02:27:06.023424+00:00
user-engineering-430,arn:aws:iam::123456789012:user/user-engineering-430,2025-04-29T02:27:06.023424+00:00,true,2026-04-22T02:27:06.023424+00:00,false,true,2026-02-10T02:27:06.023424+00:00,2026-02-11T02:27:06.023424+00:00
user-finance-431,arn:aws:iam::123456789012:user/user-finance-431,2025-04-29T02:27:06.023424+00:00,true,2026-04-23T02:27:06.023424+00:00,false,true,2026-02-21T02:27:06.023424+00:00,2026-02-22T02:27:06.023424+00:00
user-product-432,arn:aws:iam::123456789012:user/user-product-432,2025-04-29T02:27:06.023424+00:00,true,2026-04-21T02:27:06.023424+00:00,true,true,2025-12-05T02:27:06.023424+00:00,2025-12-06T02:27:06.023424+00:00
user-product-433,arn:aws:iam::123456789012:user/user-product-433,2025-04-29T02:27:06.023424+00:00,true,2026-04-21T02:27:06.023424+00:00,true,true,2026-04-19T02:27:06.023424+00:00,2026-04-20T02:27:06.023424+00:00
user-product-434,arn:aws:iam::123456789012:user/user-product-434,2025-04-29T02:27:06.023424+00:00,true,2026-04-27T02:27:06.023424+00:00,false,true,2026-01-05T02:27:06.023424+00:00,2026-01-06T02:27:06.023424+00:00
user-product-435,arn:aws:iam::123456789012:user/user-product-435,2025-04-29T02:27:06.023424+00:00,true,2026-04-26T02:27:06.023424+00:00,false,true,2025-12-10T02:27:06.023424+00:00,2025-12-11T02:27:06.023424+00:00
user-hr-436,arn:aws:iam::123456789012:user/user-hr-436,2025-04-29T02:27:06.023424+00:00,true,2026-04-23T02:27:06.023424+00:00,false,true,2026-04-12T02:27:06.023424+00:00,2026-04-13T02:27:06.023424+00:00
user-engineering-437,arn:aws:iam::123456789012:user/user-engineering-437,2025-04-29T02:27:06.023424+00:00,true,2026-04-20T02:27:06.023424+00:00,true,true,2026-03-31T02:27:06.023424+00:00,2026-04-01T02:27:06.023424+00:00
user-hr-438,arn:aws:iam::123456789012:user/user-hr-438,2025-04-29T02:27:06.023424+00:00,true,2026-04-20T02:27:06.023424+00:00,true,true,2025-11-26T02:27:06.023424+00:00,2025-11-27T02:27:06.023424+00:00
user-product-439,arn:aws:iam::123456789012:user/user-product-439,2025-04-29T02:27:06.023424+00:00,true,2026-04-20T02:27:06.023424+00:00,true,true,2026-04-24T02:27:06.023424+00:00,2026-04-25T02:27:06.023424+00:00
user-security-440,arn:aws:iam::123456789012:user/user-security-440,2025-04-29T02:27:06.023424+00:00,true,2026-04-20T02:27:06.023424+00:00,true,false,N/A,N/A
user-hr-441,arn:aws:iam::123456789012:user/user-hr-441,2025-04-29T02:27:06.023424+00:00,true,2026-04-21T02:27:06.023424+00:00,false,true,2026-01-07T02:27:06.023424+00:00,2026-01-08T02:27:06.023424+00:00
user-hr-442,arn:aws:iam::123456789012:user/user-hr-442,2025-04-29T02:27:06.023424+00:00,true,2026-04-22T02:27:06.023424+00:00,false,false,N/A,N/A
user-product-443,arn:aws:iam::123456789012:user/user-product-443,2025-04-29T02:27:06.023424+00:00,true,2026-04-26T02:27:06.023424+00:00,false,true,2025-12-07T02:27:06.023424+00:00,2025-12-08T02:27:06.023424+00:00
user-engineering-444,arn:aws:iam::123456789012:user/user-engineering-444,2025-04-29T02:27:06.023424+00:00,true,2026-04-23T02:27:06.023424+00:00,true,false,N/A,N/A
user-engineering-445,arn:aws:iam::123456789012:user/user-engineering-445,2025-04-29T02:27:06.023424+00:00,true,2026-04-28T02:27:06.023424+00:00,true,false,N/A,N/A
user-product-446,arn:aws:iam::123456789012:user/user-product-446,2025-04-29T02:27:06.023424+00:00,true,2026-04-22T02:27:06.023424+00:00,true,true,2025-12-08T02:27:06.023424+00:00,2025-12-09T02:27:06.023424+00:00
user-finance-447,arn:aws:iam::123456789012:user/user-finance-447,2025-04-29T02:27:06.023424+00:00,true,2026-04-23T02:27:06.023424+00:00,false,true,2026-03-06T02:27:06.023424+00:00,2026-03-07T02:27:06.023424+00:00
user-security-448,arn:aws:iam::123456789012:user/user-security-448,2025-04-29T02:27:06.023424+00:00,true,2026-04-21T02:27:06.023424+00:00,true,true,2026-04-22T02:27:06.023424+00:00,2026-04-23T02:27:06.023424+00:00
user-security-449,arn:aws:iam::123456789012:user/user-security-449,2025-04-29T02:27:06.023424+00:00,true,2026-04-27T02:27:06.023424+00:00,true,true,2025-12-13T02:27:06.023424+00:00,2025-12-14T02:27:06.023424+00:00
user-devops-450,arn:aws:iam::123456789012:user/user-devops-450,2025-04-29T02:27:06.023424+00:00,true,2026-04-24T02:27:06.023424+00:00,true,true,2025-12-31T02:27:06.023424+00:00,2026-01-01T02:27:06.023424+00:00
user-security-451,arn:aws:iam::123456789012:user/user-security-451,2025-04-29T02:27:06.023424+00:00,true,2026-04-19T02:27:06.023424+00:00,true,true,2026-03-12T02:27:06.023424+00:00,2026-03-13T02:27:06.023424+00:00
user-devops-452,arn:aws:iam::123456789012:user/user-devops-452,2025-04-29T02:27:06.023424+00:00,true,2026-04-28T02:27:06.023424+00:00,true,true,2026-01-21T02:27:06.023424+00:00,2026-01-22T02:27:06.023424+00:00
user-product-453,arn:aws:iam::123456789012:user/user-product-453,2025-04-29T02:27:06.023424+00:00,true,2026-04-19T02:27:06.023424+00:00,true,true,2026-02-25T02:27:06.023424+00:00,2026-02-26T02:27:06.023424+00:00
user-product-454,arn:aws:iam::123456789012:user/user-product-454,2025-04-29T02:27:06.023424+00:00,true,2026-04-27T02:27:06.023424+00:00,true,true,2025-11-09T02:27:06.023424+00:00,2025-11-10T02:27:06.023424+00:00
user-finance-455,arn:aws:iam::123456789012:user/user-finance-455,2025-04-29T02:27:06.023424+00:00,true,2026-04-26T02:27:06.023424+00:00,true,false,N/A,N/A
user-devops-456,arn:aws:iam::123456789012:user/user-devops-456,2025-04-29T02:27:06.023424+00:00,true,2026-04-28T02:27:06.023424+00:00,true,true,2025-12-26T02:27:06.023424+00:00,2025-12-27T02:27:06.023424+00:00
user-finance-457,arn:aws:iam::123456789012:user/user-finance-457,2025-04-29T02:27:06.023424+00:00,true,2026-04-23T02:27:06.023424+00:00,true,true,2025-12-22T02:27:06.023424+00:00,2025-12-23T02:27:06.023424+00:00
user-devops-458,arn:aws:iam::123456789012:user/user-devops-458,2025-04-29T02:27:06.023424+00:00,true,2026-04-19T02:27:06.023424+00:00,true,false,N/A,N/A
user-devops-459,arn:aws:iam::123456789012:user/user-devops-459,2025-04-29T02:27:06.023424+00:00,true,2026-04-19T02:27:06.023424+00:00,true,true,2026-03-13T02:27:06.023424+00:00,2026-03-14T02:27:06.023424+00:00
user-hr-460,arn:aws:iam::123456789012:user/user-hr-460,2025-04-29T02:27:06.023424+00:00,true,2026-04-21T02:27:06.023424+00:00,false,true,2025-11-13T02:27:06.023424+00:00,2025-11-14T02:27:06.023424+00:00
user-security-461,arn:aws:iam::123456789012:user/user-security-461,2025-04-29T02:27:06.023424+00:00,true,2026-04-25T02:27:06.023424+00:00,true,true,2025-11-08T02:27:06.023424+00:00,2025-11-09T02:27:06.023424+00:00
user-devops-462,arn:aws:iam::123456789012:user/user-devops-462,2025-04-29T02:27:06.023424+00:00,true,2026-04-24T02:27:06.023424+00:00,false,true,2025-12-21T02:27:06.023424+00:00,2025-12-22T02:27:06.023424+00:00
user-hr-463,arn:aws:iam::123456789012:user/user-hr-463,2025-04-29T02:27:06.023424+00:00,true,2026-04-22T02:27:06.023424+00:00,true,false,N/A,N/A
user-product-464,arn:aws:iam::123456789012:user/user-product-464,2025-04-29T02:27:06.023424+00:00,true,2026-04-25T02:27:06.023424+00:00,true,true,2025-12-10T02:27:06.023424+00:00,2025-12-11T02:27:06.023424+00:00
user-engineering-465,arn:aws:iam::123456789012:user/user-engineering-465,2025-04-29T02:27:06.023424+00:00,true,2026-04-26T02:27:06.023424+00:00,true,false,N/A,N/A
user-hr-466,arn:aws:iam::123456789012:user/user-hr-466,2025-04-29T02:27:06.023424+00:00,true,2026-04-27T02:27:06.023424+00:00,true,true,2026-04-04T02:27:06.023424+00:00,2026-04-05T02:27:06.023424+00:00
user-engineering-467,arn:aws:iam::123456789012:user/user-engineering-467,2025-04-29T02:27:06.023424+00:00,true,2026-04-28T02:27:06.023424+00:00,true,true,2026-01-25T02:27:06.023424+00:00,2026-01-26T02:27:06.023424+00:00
user-devops-468,arn:aws:iam::123456789012:user/user-devops-468,2025-04-29T02:27:06.023424+00:00,true,2026-04-22T02:27:06.023424+00:00,false,false,N/A,N/A
user-finance-469,arn:aws:iam::123456789012:user/user-finance-469,2025-04-29T02:27:06.023424+00:00,true,2026-04-27T02:27:06.023424+00:00,false,true,2026-01-18T02:27:06.023424+00:00,2026-01-19T02:27:06.023424+00:00
user-devops-470,arn:aws:iam::123456789012:user/user-devops-470,2025-04-29T02:27:06.023424+00:00,true,2026-04-20T02:27:06.023424+00:00,true,true,2026-03-12T02:27:06.023424+00:00,2026-03-13T02:27:06.023424+00:00
user-hr-471,arn:aws:iam::123456789012:user/user-hr-471,2025-04-29T02:27:06.023424+00:00,true,2026-04-27T02:27:06.023424+00:00,true,true,2026-01-13T02:27:06.023424+00:00,2026-01-14T02:27:06.023424+00:00
user-finance-472,arn:aws:iam::123456789012:user/user-finance-472,2025-04-29T02:27:06.023424+00:00,true,2026-04-26T02:27:06.023424+00:00,false,true,2026-01-13T02:27:06.023424+00:00,2026-01-14T02:27:06.023424+00:00
user-security-473,arn:aws:iam::123456789012:user/user-security-473,2025-04-29T02:27:06.023424+00:00,true,2026-04-28T02:27:06.023424+00:00,false,false,N/A,N/A
user-engineering-474,arn:aws:iam::123456789012:user/user-engineering-474,2025-04-29T02:27:06.023424+00:00,true,2026-04-25T02:27:06.023424+00:00,true,true,2026-03-24T02:27:06.023424+00:00,2026-03-25T02:27:06.023424+00:00
user-finance-475,arn:aws:iam::123456789012:user/user-finance-475,2025-04-29T02:27:06.023424+00:00,true,2026-04-28T02:27:06.023424+00:00,false,true,2026-01-06T02:27:06.023424+00:00,2026-01-07T02:27:06.023424+00:00
user-engineering-476,arn:aws:iam::123456789012:user/user-engineering-476,2025-04-29T02:27:06.023424+00:00,true,2026-04-22T02:27:06.023424+00:00,true,false,N/A,N/A
user-product-477,arn:aws:iam::123456789012:user/user-product-477,2025-04-29T02:27:06.023424+00:00,true,2026-04-26T02:27:06.023424+00:00,false,true,2026-02-12T02:27:06.023424+00:00,2026-02-13T02:27:06.023424+00:00
user-finance-478,arn:aws:iam::123456789012:user/user-finance-478,2025-04-29T02:27:06.023424+00:00,true,2026-04-26T02:27:06.023424+00:00,false,true,2026-02-15T02:27:06.023424+00:00,2026-02-16T02:27:06.023424+00:00
user-hr-479,arn:aws:iam::123456789012:user/user-hr-479,2025-04-29T02:27:06.023424+00:00,true,2026-04-27T02:27:06.023424+00:00,false,true,2026-04-23T02:27:06.023424+00:00,2026-04-24T02:27:06.023424+00:00
user-security-480,arn:aws:iam::123456789012:user/user-security-480,2025-04-29T02:27:06.023424+00:00,true,2026-04-26T02:27:06.023424+00:00,true,true,2025-11-09T02:27:06.023424+00:00,2025-11-10T02:27:06.023424+00:00
user-product-481,arn:aws:iam::123456789012:user/user-product-481,2025-04-29T02:27:06.023424+00:00,true,2026-04-20T02:27:06.023424+00:00,true,false,N/A,N/A
user-devops-482,arn:aws:iam::123456789012:user/user-devops-482,2025-04-29T02:27:06.023424+00:00,true,2026-04-28T02:27:06.023424+00:00,true,true,2025-11-27T02:27:06.023424+00:00,2025-11-28T02:27:06.023424+00:00
user-devops-483,arn:aws:iam::123456789012:user/user-devops-483,2025-04-29T02:27:06.023424+00:00,true,2026-04-25T02:27:06.023424+00:00,true,true,2025-12-25T02:27:06.023424+00:00,2025-12-26T02:27:06.023424+00:00
user-product-484,arn:aws:iam::123456789012:user/user-product-484,2025-04-29T02:27:06.023424+00:00,true,2026-04-26T02:27:06.023424+00:00,true,false,N/A,N/A
user-engineering-485,arn:aws:iam::123456789012:user/user-engineering-485,2025-04-29T02:27:06.023424+00:00,true,2026-04-20T02:27:06.023424+00:00,true,false,N/A,N/A
user-hr-486,arn:aws:iam::123456789012:user/user-hr-486,2025-04-29T02:27:06.023424+00:00,true,2026-04-21T02:27:06.023424+00:00,true,true,2026-01-08T02:27:06.023424+00:00,2026-01-09T02:27:06.023424+00:00
user-security-487,arn:aws:iam::123456789012:user/user-security-487,2025-04-29T02:27:06.023424+00:00,true,2026-04-25T02:27:06.023424+00:00,true,true,2025-11-06T02:27:06.023424+00:00,2025-11-07T02:27:06.023424+00:00
user-hr-488,arn:aws:iam::123456789012:user/user-hr-488,2025-04-29T02:27:06.023424+00:00,true,2026-04-27T02:27:06.023424+00:00,true,true,2026-01-20T02:27:06.023424+00:00,2026-01-21T02:27:06.023424+00:00
user-finance-489,arn:aws:iam::123456789012:user/user-finance-489,2025-04-29T02:27:06.023424+00:00,true,2026-04-23T02:27:06.023424+00:00,true,false,N/A,N/A
user-hr-490,arn:aws:iam::123456789012:user/user-hr-490,2025-04-29T02:27:06.023424+00:00,true,2026-04-21T02:27:06.023424+00:00,true,true,2026-02-13T02:27:06.023424+00:00,2026-02-14T02:27:06.023424+00:00
user-hr-491,arn:aws:iam::123456789012:user/user-hr-491,2025-04-29T02:27:06.023424+00:00,true,2026-04-19T02:27:06.023424+00:00,true,false,N/A,N/A
user-finance-492,arn:aws:iam::123456789012:user/user-finance-492,2025-04-29T02:27:06.023424+00:00,true,2026-04-19T02:27:06.023424+00:00,true,false,N/A,N/A
user-devops-493,arn:aws:iam::123456789012:user/user-devops-493,2025-04-29T02:27:06.023424+00:00,true,2026-04-28T02:27:06.023424+00:00,true,false,N/A,N/A
user-hr-494,arn:aws:iam::123456789012:user/user-hr-494,2025-04-29T02:27:06.023424+00:00,true,2026-04-24T02:27:06.023424+00:00,false,true,2026-01-31T02:27:06.023424+00:00,2026-02-01T02:27:06.023424+00:00
user-product-495,arn:aws:iam::123456789012:user/user-product-495,2025-04-29T02:27:06.023424+00:00,true,2026-04-24T02:27:06.023424+00:00,false,false,N/A,N/A
user-security-496,arn:aws:iam::123456789012:user/user-security-496,2025-04-29T02:27:06.023424+00:00,true,2026-04-26T02:27:06.023424+00:00,true,true,2026-03-31T02:27:06.023424+00:00,2026-04-01T02:27:06.023424+00:00
user-finance-497,arn:aws:iam::123456789012:user/user-finance-497,2025-04-29T02:27:06.023424+00:00,true,2026-04-24T02:27:06.023424+00:00,false,true,2026-02-23T02:27:06.023424+00:00,2026-02-24T02:27:06.023424+00:00
user-product-498,arn:aws:iam::123456789012:user/user-product-498,2025-04-29T02:27:06.023424+00:00,true,2026-04-24T02:27:06.023424+00:00,false,true,2026-01-21T02:27:06.023424+00:00,2026-01-22T02:27:06.023424+00:00
user-product-499,arn:aws:iam::123456789012:user/user-product-499,2025-04-29T02:27:06.023424+00:00,true,2026-04-25T02:27:06.023424+00:00,true,false,N/A,N/A
user-product-500,arn:aws:iam::123456789012:user/user-product-500,2025-04-29T02:27:06.023424+00:00,true,2026-04-19T02:27:06.023424+00:00,true,true,2025-12-12T02:27:06.023424+00:00,2025-12-13T02:27:06.023424+00:00
